,tournamentsPlayed,type,rowName,ranking,points,previousRanking,bestRanking,id,rankingClass,bestRankingDateTimestamp,team.name,team.slug,team.shortName,team.gender,team.userCount,team.nameCode,team.ranking,team.national,team.type,team.id,team.country.alpha2,team.country.name,team.teamColors.primary,team.teamColors.secondary,team.teamColors.text,team.disabled
0,19,5,Novak Djokovic,1,11063,1,1.0,6862,team,1309737600.0,Djokovic N.,djokovic-novak,Djokovic N.,M,134964,DJO,1,False,1,14882,RS,Serbia,#52b030,#52b030,#ffffff,
1,24,5,Daniil Medvedev,2,9793,2,4.0,6865,team,1567987200.0,Medvedev D.,medvedev-daniil,Medvedev D.,M,28133,MED,2,False,1,163504,RU,Russia,#52b030,#52b030,#ffffff,
2,17,5,Rafael Nadal,3,9630,3,1.0,6863,team,1219017600.0,Nadal R.,nadal-rafael,Nadal R.,M,143808,NAD,3,False,1,14486,ES,Spain,#52b030,#52b030,#ffffff,
3,23,5,Dominic Thiem,4,8445,4,3.0,6866,team,1583107200.0,Thiem D.,thiem-dominic,Thiem D.,M,52912,THI,4,False,1,43748,AT,Austria,#52b030,#52b030,#ffffff,
4,29,5,Stefanos Tsitsipas,5,7430,5,5.0,6868,team,1564963200.0,Tsitsipas S.,tsitsipas-stefanos,Tsitsipas S.,M,45492,TSI,5,False,1,122366,GR,Greece,#52b030,#52b030,#ffffff,
5,28,5,Alexander Zverev,6,7115,6,3.0,6867,team,1509926400.0,Zverev A.,zverev-alexander,Zverev A.,M,35959,ZVE,6,False,1,57163,DE,Germany,#52b030,#52b030,#ffffff,
6,29,5,Andrey Rublev,7,6090,7,7.0,6892,team,1618790400.0,Rublev A.,rublev-andrey,Rublev A.,M,16044,RUB,7,False,1,106755,RU,Russia,#52b030,#52b030,#ffffff,
7,16,5,Roger Federer,8,5605,8,1.0,6864,team,1075680000.0,Federer R.,federer-roger,Federer R.,M,128997,FED,8,False,1,14342,CH,Switzerland,#52b030,#52b030,#ffffff,
8,25,5,Matteo Berrettini,9,3958,9,8.0,6872,team,1572825600.0,Berrettini M.,berrettini-matteo,Berrettini M.,M,18921,BER,9,False,1,112783,IT,Italy,#52b030,#52b030,#ffffff,
9,27,5,Diego Schwartzman,10,3465,10,8.0,6876,team,1602460800.0,Schwartzman D.,schwartzman-diego,Schwartzman D.,M,16668,SCH,10,False,1,48599,AR,Argentina,#52b030,#52b030,#ffffff,
10,28,5,Roberto Bautista Agut,11,3215,11,9.0,6871,team,1572825600.0,Bautista Agut R.,bautista-agut-roberto,Bautista Agut R.,M,9534,BAU,11,False,1,16720,ES,Spain,#52b030,#52b030,#ffffff,
11,29,5,Pablo Carreno Busta,12,3085,12,10.0,6896,team,1505088000.0,Carreño Busta P.,carreno-busta-pablo,Carreño Busta P.,M,7407,CAR,12,False,1,40800,ES,Spain,#52b030,#52b030,#ffffff,
12,31,5,David Goffin,13,2875,13,7.0,6875,team,1511136000.0,Goffin D.,goffin-david,Goffin D.,M,11828,GOF,13,False,1,25838,BE,Belgium,#52b030,#52b030,#ffffff,
13,23,5,Gael Monfils,14,2703,15,6.0,6874,team,1478476800.0,Monfils G.,monfils-gael,Monfils G.,M,14770,MON,14,False,1,14844,FR,France,#52b030,#52b030,#ffffff,
14,33,5,Denis Shapovalov,15,2675,14,10.0,6895,team,1600646400.0,Shapovalov D.,shapovalov-denis,Shapovalov D.,M,13913,SHA,15,False,1,117916,CA,Canada,#52b030,#52b030,#ffffff,
15,22,5,Milos Raonic,16,2518,20,3.0,6891,team,1479686400.0,Raonic M.,raonic-milos,Raonic M.,M,9383,RAO,16,False,1,18111,CA,Canada,#52b030,#52b030,#ffffff,False
16,37,5,Jannik Sinner,17,2500,18,17.0,6980,team,1621209600.0,Sinner J.,sinner-jannik,Sinner J.,M,25557,SIN,17,False,1,206570,IT,Italy,#52b030,#52b030,#ffffff,
17,33,5,Hubert Hurkacz,18,2498,19,16.0,6894,team,1617580800.0,Hurkacz H.,hurkacz-hubert,Hurkacz H.,M,10909,HUR,18,False,1,158896,PL,Poland,#52b030,#52b030,#ffffff,
18,32,5,Felix Auger-Aliassime,19,2498,21,17.0,6878,team,1571011200.0,Auger-Aliassime F.,auger-aliassime-felix,Auger-Aliassime F.,M,10740,AAF,19,False,1,192013,CA,Canada,#52b030,#52b030,#ffffff,False
19,26,5,Grigor Dimitrov,20,2496,17,3.0,6888,team,1511136000.0,Dimitrov G.,dimitrov-grigor,Dimitrov G.,M,17129,DIM,20,False,1,23581,BG,Bulgaria,#52b030,#52b030,#ffffff,
20,34,5,Casper Ruud,21,2485,16,16.0,6920,team,1620604800.0,Ruud C.,ruud-casper,Ruud C.,M,5324,RUU,21,False,1,119248,NO,Norway,#52b030,#52b030,#ffffff,
21,29,5,Alex de Minaur,22,2350,23,18.0,6887,team,1572220800.0,de Minaur A.,de-minaur-alex,de Minaur A.,M,7266,DMI,22,False,1,201239,AU,Australia,#52b030,#52b030,#ffffff,
22,34,5,Cristian Garin,23,2350,22,18.0,6899,team,1582502400.0,Garín C.,garin-cristian,Garín C.,M,6492,GAR,23,False,1,64570,CL,Chile,#52b030,#52b030,#ffffff,
23,24,5,Stan Wawrinka,24,2281,25,3.0,6879,team,1390780800.0,Wawrinka S.,wawrinka-stan,Wawrinka S.,M,19086,WAW,24,False,1,14548,CH,Switzerland,#52b030,#52b030,#ffffff,
24,43,5,Aslan Karatsev,25,2245,27,25.0,7132,team,1621209600.0,Karatsev A.,karatsev-aslan,Karatsev A.,M,6295,KAR,25,False,1,60502,RU,Russia,#52b030,#52b030,#ffffff,
25,30,5,Karen Khachanov,26,2235,24,8.0,6869,team,1563148800.0,Khachanov K.,khachanov-karen,Khachanov K.,M,8002,KHA,26,False,1,90080,RU,Russia,#52b030,#52b030,#ffffff,
26,37,5,Daniel Evans,27,2195,26,26.0,6904,team,1612742400.0,Evans D.,evans-daniel,Evans D.,M,4413,EVA,27,False,1,16375,GB,United Kingdom,#52b030,#52b030,#ffffff,
27,37,5,Lorenzo Sonego,28,2132,33,28.0,6917,team,1618185600.0,Sonego L.,sonego-lorenzo,Sonego L.,M,9625,SON,28,False,1,104847,IT,Italy,#52b030,#52b030,#ffffff,
28,29,5,Fabio Fognini,29,1923,28,9.0,6873,team,1563148800.0,Fognini F.,fognini-fabio,Fognini F.,M,15546,FOG,29,False,1,15434,IT,Italy,#52b030,#52b030,#ffffff,
29,26,5,Borna Coric,30,1870,29,12.0,6883,team,1541376000.0,Ćorić B.,coric-borna,Ćorić B.,M,9813,COR,30,False,1,64580,HR,Croatia,#52b030,#52b030,#ffffff,
30,33,5,Nikoloz Basilashvili,31,1830,30,16.0,6885,team,1558915200.0,Basilashvili N.,basilashvili-nikoloz,Basilashvili N.,M,4139,BAS,31,False,1,26204,GE,Georgia,#52b030,#52b030,#ffffff,
31,39,5,Taylor Fritz,32,1805,31,24.0,6890,team,1583107200.0,Fritz T.,fritz-taylor,Fritz T.,M,4011,FRI,32,False,1,136042,US,USA,#52b030,#52b030,#ffffff,
32,40,5,Ugo Humbert,33,1780,32,29.0,6931,team,1615766400.0,Humbert U.,humbert-ugo,Humbert U.,M,4303,HUM,33,False,1,185388,FR,France,#52b030,#52b030,#ffffff,
33,22,5,John Isner,34,1730,34,8.0,6877,team,1531699200.0,Isner J.,isner-john,Isner J.,M,7308,ISN,34,False,1,16120,US,USA,#52b030,#52b030,#ffffff,
34,28,5,Reilly Opelka,35,1726,47,31.0,6898,team,1572220800.0,Opelka R.,opelka-reilly,Opelka R.,M,3142,OPE,35,False,1,130400,US,USA,#52b030,#52b030,#ffffff,
35,40,5,Benoit Paire,36,1669,35,18.0,6884,team,1452470400.0,Paire B.,paire-benoit,Paire B.,M,5289,PAI,36,False,1,22218,FR,France,#52b030,#52b030,#ffffff,
36,38,5,Adrian Mannarino,37,1651,36,22.0,6905,team,1521417600.0,Mannarino A.,mannarino-adrian,Mannarino A.,M,2972,MAN,37,False,1,15894,FR,France,#52b030,#52b030,#ffffff,
37,40,5,Alexander Bublik,38,1613,40,43.0,6909,team,1614556800.0,Bublik A.,bublik-alexander,Bublik A.,M,3176,BUB,38,False,1,163480,KZ,Kazakhstan,#52b030,#52b030,#ffffff,
38,39,5,Albert Ramos-Vinolas,39,1595,38,17.0,6903,team,1494201600.0,Ramos-Viñolas A.,ramos-vinolas-albert,Ramos-Viñolas A.,M,3027,RAM,39,False,1,16822,ES,Spain,#52b030,#52b030,#ffffff,
39,37,5,Dusan Lajovic,40,1585,37,23.0,6893,team,1556496000.0,Lajović D.,lajovic-dusan,Lajović D.,M,5089,LAJ,40,False,1,39234,RS,Serbia,#52b030,#52b030,#ffffff,
40,30,5,Filip Krajinovic,41,1524,39,26.0,6921,team,1524441600.0,Krajinović F.,krajinovic-filip,Krajinović F.,M,5537,KRA,41,False,1,22970,RS,Serbia,#52b030,#52b030,#ffffff,
41,34,5,Jan-Lennard Struff,42,1500,41,29.0,6902,team,1598832000.0,Struff J.,struff-jan-lennard,Struff J.,M,4392,STR,42,False,1,46391,DE,Germany,#52b030,#52b030,#ffffff,
42,42,5,John Millman,43,1486,42,33.0,6913,team,1539561600.0,Millman J.,millman-john,Millman J.,M,2658,MIL,43,False,1,33115,AU,Australia,#52b030,#52b030,#ffffff,
43,31,5,Marton Fucsovics,44,1456,44,31.0,6930,team,1551657600.0,Fucsovics M.,fucsovics-marton,Fucsovics M.,M,5474,FUC,44,False,1,47770,HU,Hungary,#52b030,#52b030,#ffffff,
44,37,5,Alejandro Davidovich Fokina,45,1408,48,52.0,6962,team,1604880000.0,Davidovich Fokina A.,davidovich-fokina-alejandro,Davidovich Fokina A.,M,3512,DFO,45,False,1,157456,ES,Spain,#52b030,#52b030,#ffffff,
45,29,5,Marin Cilic,46,1388,43,3.0,6886,team,1517184000.0,Čilić M.,cilic-marin,Čilić M.,M,11236,CIL,46,False,1,15387,HR,Croatia,#52b030,#52b030,#ffffff,False
46,38,5,Miomir Kecmanovic,47,1384,46,38.0,6910,team,1615161600.0,Kecmanović M.,kecmanovic-miomir,Kecmanović M.,M,3921,KEC,47,False,1,198592,RS,Serbia,#52b030,#52b030,#ffffff,
47,19,5,Kei Nishikori,48,1318,45,4.0,6870,team,1425254400.0,Nishikori K.,nishikori-kei,Nishikori K.,M,10459,NIS,48,False,1,15733,JP,Japan,#52b030,#52b030,#ffffff,False
48,35,5,Cameron Norrie,49,1315,49,41.0,6922,team,1558310400.0,Norrie C.,norrie-cameron,Norrie C.,M,2887,NOR,49,False,1,95935,GB,United Kingdom,#52b030,#52b030,#ffffff,
49,36,5,Federico Delbonis,50,1215,64,33.0,6938,team,1462752000.0,Delbonis F.,delbonis-federico,Delbonis F.,M,2612,DEL,50,False,1,35167,AR,Argentina,#52b030,#52b030,#ffffff,
50,32,5,Lloyd Harris,51,1198,51,52.0,6967,team,1616371200.0,Harris L.,harris-lloyd,Harris L.,M,2524,HAR,51,False,1,157808,ZA,South Africa,#52b030,#52b030,#ffffff,
51,29,5,Richard Gasquet,52,1163,53,7.0,6918,team,1183939200.0,Gasquet R.,gasquet-richard,Gasquet R.,M,4195,GAS,52,False,1,14414,FR,France,#52b030,#52b030,#ffffff,
52,36,5,Tommy Paul,53,1155,55,51.0,6942,team,1615161600.0,Paul T.,paul-tommy,Paul T.,M,1734,PAU,53,False,1,138546,US,USA,#52b030,#52b030,#ffffff,
53,32,5,Laslo Djere,54,1148,52,27.0,6900,team,1560124800.0,Djere L.,djere-laslo,Djere L.,M,3947,DJE,54,False,1,97231,RS,Serbia,#52b030,#52b030,#ffffff,False
54,28,5,Aljaz Bedene,55,1141,57,43.0,6932,team,1518998400.0,Bedene A.,bedene-aljaz,Bedene A.,M,1991,BED,55,False,1,38022,SI,Slovenia,#52b030,#52b030,#ffffff,
55,18,5,Nick Kyrgios,56,1135,56,13.0,6889,team,1477267200.0,Kyrgios N.,kyrgios-nick,Kyrgios N.,M,16292,KYR,56,False,1,62490,AU,Australia,#52b030,#52b030,#ffffff,
56,30,5,Jeremy Chardy,57,1123,54,25.0,6927,team,1359331200.0,Chardy J.,chardy-jeremy,Chardy J.,M,2489,CHA,57,False,1,15829,FR,France,#52b030,#52b030,#ffffff,
57,27,5,Guido Pella,58,1114,58,20.0,6881,team,1566172800.0,Pella G.,pella-guido,Pella G.,M,3458,PEL,58,False,1,24418,AR,Argentina,#52b030,#52b030,#ffffff,
58,35,5,Dominik Koepfer,59,1105,50,50.0,6946,team,1620604800.0,Köepfer D.,koepfer-dominik,Köepfer D.,M,2186,KOE,59,False,1,129368,DE,Germany,#52b030,#52b030,#ffffff,
59,30,5,Yoshihito Nishioka,60,1084,59,48.0,6935,team,1582502400.0,Nishioka Y.,nishioka-yoshihito,Nishioka Y.,M,2473,NIS,60,False,1,59281,JP,Japan,#52b030,#52b030,#ffffff,
60,27,5,Feliciano Lopez,61,1062,60,12.0,6923,team,1425254400.0,López F.,lopez-feliciano,López F.,M,2959,LOP,61,False,1,14465,ES,Spain,#52b030,#52b030,#ffffff,
61,39,5,Alexei Popyrin,62,1052,61,61.0,6951,team,1620604800.0,Popyrin A.,popyrin-alexei,Popyrin A.,M,2462,POP,62,False,1,128552,AU,Australia,#52b030,#52b030,#ffffff,
62,32,5,Jordan Thompson,63,1042,62,43.0,6915,team,1563148800.0,Thompson J.,thompson-jordan,Thompson J.,M,1644,THO,63,False,1,87690,AU,Australia,#52b030,#52b030,#ffffff,
63,25,5,Vasek Pospisil,64,1036,63,25.0,7052,team,1390780800.0,Pospisil V.,pospisil-vasek,Pospisil V.,M,2954,POS,64,False,1,16779,CA,Canada,#52b030,#52b030,#ffffff,
64,36,5,Sebastian Korda,65,1027,67,62.0,7161,team,1618185600.0,Korda S.,korda-sebastian,Korda S.,M,2758,KOR,65,False,1,195840,US,USA,#52b030,#52b030,#ffffff,
65,18,5,Sam Querrey,66,1023,66,11.0,6911,team,1519603200.0,Querrey S.,querrey-sam,Querrey S.,M,2085,QUE,66,False,1,15301,US,USA,#52b030,#52b030,#ffffff,
66,32,5,Tennys Sandgren,67,1018,65,41.0,6926,team,1547424000.0,Sandgren T.,sandgren-tennys,Sandgren T.,M,1876,SAN,67,False,1,36678,US,USA,#52b030,#52b030,#ffffff,
67,35,5,Gilles Simon,68,995,70,6.0,6908,team,1231113600.0,Simon G.,simon-gilles,Simon G.,M,2947,SIM,68,False,1,14736,FR,France,#52b030,#52b030,#ffffff,
68,27,5,Kyle Edmund,69,980,71,14.0,6916,team,1538956800.0,Edmund K.,edmund-kyle,Edmund K.,M,3608,EDM,69,False,1,65382,GB,United Kingdom,#52b030,#52b030,#ffffff,
69,33,5,Corentin Moutet,70,978,68,69.0,6955,team,1600041600.0,Moutet C.,moutet-corentin,Moutet C.,M,2623,MOU,70,False,1,175014,FR,France,#52b030,#52b030,#ffffff,
70,41,5,Jiri Vesely,71,971,73,35.0,6981,team,1430092800.0,Veselý J.,vesely-jiri,Veselý J.,M,1654,VES,71,False,1,41857,CZ,Czech Republic,#52b030,#52b030,#ffffff,
71,24,5,Jo-Wilfried Tsonga,72,969,72,5.0,6897,team,1330300800.0,Tsonga J.,tsonga-jo-wilfried,Tsonga J.,M,5480,TSO,72,False,1,15090,FR,France,#52b030,#52b030,#ffffff,False
72,36,5,Frances Tiafoe,73,963,74,29.0,6914,team,1549843200.0,Tiafoe F.,tiafoe-francis,Tiafoe F.,M,4359,TIA,73,False,1,101101,US,USA,#52b030,#52b030,#ffffff,
73,40,5,Emil Ruusuvuori,74,951,75,83.0,7007,team,1616371200.0,Ruusuvuori E.,ruusuvuori-emil,Ruusuvuori E.,M,2362,RUU,74,False,1,167370,FI,Finland,#52b030,#52b030,#ffffff,
74,40,5,Pablo Andujar,75,950,76,32.0,6924,team,1436745600.0,Andújar P.,andujar-pablo,Andújar P.,M,1983,AND,75,False,1,15432,ES,Spain,#52b030,#52b030,#ffffff,False
75,45,5,Stefano Travaglia,76,939,69,60.0,6944,team,1612742400.0,Travaglia S.,travaglia-stefano,Travaglia S.,M,3563,TRA,76,False,1,36300,IT,Italy,#52b030,#52b030,#ffffff,
76,34,5,Egor Gerasimov,77,937,78,65.0,6959,team,1582502400.0,Gerasimov E.,gerasimov-egor,Gerasimov E.,M,1765,GER,77,False,1,49283,BY,Belarus,#52b030,#52b030,#ffffff,
77,41,5,Thiago Monteiro,78,936,79,74.0,6961,team,1488153600.0,Monteiro T.,monteiro-thiago,Monteiro T.,M,3004,MON,78,False,1,47603,BR,Brazil,#52b030,#52b030,#ffffff,
78,36,5,Radu Albot,79,915,77,39.0,6907,team,1564963200.0,Albot R.,albot-radu,Albot R.,M,1851,ALB,79,False,1,44547,MD,Moldova,#52b030,#52b030,#ffffff,
79,45,5,Jaume Munar,80,907,83,52.0,6960,team,1558310400.0,Munar J.,munar-jaume,Munar J.,M,2319,MUN,80,False,1,126356,ES,Spain,#52b030,#52b030,#ffffff,
80,42,5,Salvatore Caruso,81,906,81,76.0,6956,team,1605484800.0,Caruso S.,caruso-salvatore,Caruso S.,M,3559,CAR,81,False,1,59310,IT,Italy,#52b030,#52b030,#ffffff,
81,37,5,Marcos Giron,82,900,84,70.0,6988,team,1609718400.0,Giron M.,giron-marcos,Giron M.,M,1052,GIR,82,False,1,42379,US,USA,#52b030,#52b030,#ffffff,False
82,30,5,Steve Johnson,83,900,85,21.0,6947,team,1469404800.0,Johnson S.,johnson-steve,Johnson S.,M,1273,JOH,83,False,1,38493,US,USA,#52b030,#52b030,#ffffff,
83,37,5,Pierre-Hugues Herbert,84,897,87,36.0,6929,team,1549843200.0,Herbert P.,herbert-pierre-hugues,Herbert P.,M,3038,HER,84,False,1,44553,FR,France,#52b030,#52b030,#ffffff,
84,27,5,Lucas Pouille,85,892,86,10.0,6880,team,1521417600.0,Pouille L.,pouille-lucas,Pouille L.,M,3478,POU,85,False,1,57703,FR,France,#52b030,#52b030,#ffffff,
85,43,5,Gianluca Mager,86,879,90,77.0,6985,team,1582502400.0,Mager G.,mager-gianluca,Mager G.,M,2716,MAG,86,False,1,69500,IT,Italy,#52b030,#52b030,#ffffff,
86,39,5,Norbert Gombos,87,871,88,80.0,6977,team,1506902400.0,Gombos N.,gombos-norbert,Gombos N.,M,1070,GOM,87,False,1,50139,SK,Slovakia,#52b030,#52b030,#ffffff,
87,51,5,Lorenzo Musetti,88,860,82,94.0,7311,team,1616371200.0,Musetti L.,musetti-lorenzo,Musetti L.,M,9839,MUS,88,False,1,261015,IT,Italy,#52b030,#52b030,#ffffff,
88,36,5,Soonwoo Kwon,89,854,89,69.0,6949,team,1583107200.0,Kwon S.,kwon-soonwoo,Kwon S.,M,1380,KWO,89,False,1,97647,KR,South Korea,#52b030,#52b030,#ffffff,False
89,27,5,Ricardas Berankis,90,839,92,50.0,6928,team,1463961600.0,Berankis R.,berankis-ricardas,Berankis R.,M,1728,BER,90,False,1,22956,LT,Lithuania,#52b030,#52b030,#ffffff,
90,31,5,Ilya Ivashka,91,830,93,80.0,6994,team,1549238400.0,Ivashka I.,ivashka-ilya,Ivashka I.,M,1906,IVA,91,False,1,89320,BY,Belarus,#52b030,#52b030,#ffffff,
91,40,5,Yannick Hanfmann,92,822,95,92.0,7053,team,1621209600.0,Hanfmann Y.,hanfmann-yannick,Hanfmann Y.,M,1615,HAN,92,False,1,47975,DE,Germany,#52b030,#52b030,#ffffff,
92,34,5,Andreas Seppi,93,811,97,18.0,6933,team,1359331200.0,Seppi A.,seppi-andreas,Seppi A.,M,3829,SEP,93,False,1,14773,IT,Italy,#52b030,#52b030,#ffffff,
93,49,5,Federico Coria,94,808,91,83.0,6991,team,1615766400.0,Coria F.,coria-federico,Coria F.,M,1802,COR,94,False,1,54573,AR,Argentina,#52b030,#52b030,#ffffff,
94,31,5,Juan Ignacio Londero,95,803,98,50.0,6912,team,1573430400.0,Londero J.,londero-juan-ignacio,Londero J.,M,2084,LON,95,False,1,47297,AR,Argentina,#52b030,#52b030,#ffffff,
95,18,5,Kevin Anderson,96,795,99,5.0,6882,team,1531699200.0,Anderson K.,anderson-kevin,Anderson K.,M,5292,AND,96,False,1,15561,ZA,South Africa,#52b030,#52b030,#ffffff,
96,47,5,Roberto Carballes Baena,97,794,96,72.0,6941,team,1518998400.0,Carballés Baena R.,carballes-baena-roberto,Carballés Baena R.,M,1578,CBA,97,False,1,51141,ES,Spain,#52b030,#52b030,#ffffff,
97,37,5,James Duckworth,98,794,101,71.0,6999,team,1581897600.0,Duckworth J.,duckworth-james,Duckworth J.,M,956,DUC,98,False,1,39711,AU,Australia,#52b030,#52b030,#ffffff,
98,42,5,Pedro Martinez,99,776,94,82.0,7029,team,1604275200.0,Martínez P.,martinez-pedro,Martínez P.,M,1520,MPO,99,False,1,77223,ES,Spain,#52b030,#52b030,#ffffff,
99,33,5,Mikhail Kukushkin,100,772,103,39.0,6919,team,1551052800.0,Kukushkin M.,kukushkin-mikhail,Kukushkin M.,M,1269,KUK,100,False,1,16683,KZ,Kazakhstan,#52b030,#52b030,#ffffff,
100,24,5,Mikael Ymer,101,772,102,67.0,6936,team,1583107200.0,Ymer M.,ymer-mikael,Ymer M.,M,2229,YME,101,False,1,152048,SE,Sweden,#52b030,#52b030,#ffffff,
101,30,5,Pablo Cuevas,102,764,104,19.0,6906,team,1471219200.0,Cuevas P.,cuevas-pablo,Cuevas P.,M,3033,CUE,102,False,1,15789,UY,Uruguay,#52b030,#52b030,#ffffff,
102,43,5,Daniel Elahi Galan,103,764,110,103.0,7065,team,1621209600.0,Galán D.,galan-daniel-elahi,Galán D.,M,1660,DEG,103,False,1,92074,CO,Colombia,#52b030,#52b030,#ffffff,
103,42,5,Marco Cecchinato,104,761,100,16.0,6934,team,1551052800.0,Cecchinato M.,cecchinato-marco,Cecchinato M.,M,6370,CEC,104,False,1,44549,IT,Italy,#52b030,#52b030,#ffffff,
104,29,5,Fernando Verdasco,105,755,80,7.0,6901,team,1240185600.0,Verdasco F.,verdasco-fernando,Verdasco F.,M,3012,VER,105,False,1,14488,ES,Spain,#52b030,#52b030,#ffffff,
105,27,5,Attila Balazs,106,755,106,76.0,6997,team,1583107200.0,Balazs A.,balazs-attila,Balazs A.,M,1166,BAL,106,False,1,24309,HU,Hungary,#52b030,#52b030,#ffffff,
106,40,5,Yuichi Sugita,107,731,108,36.0,6990,team,1507507200.0,Sugita Y.,sugita-yuichi,Sugita Y.,M,959,SUG,107,False,1,16507,JP,Japan,#52b030,#52b030,#ffffff,
107,34,5,Dennis Novak,108,726,109,85.0,6987,team,1583107200.0,Novak D.,novak-dennis,Novak D.,M,3205,NOV,108,False,1,59304,AT,Austria,#52b030,#52b030,#ffffff,
108,43,5,Facundo Bagnis,109,718,105,55.0,7005,team,1479081600.0,Bagnis F.,bagnis-facundo,Bagnis F.,M,1305,BAG,109,False,1,38183,AR,Argentina,#52b030,#52b030,#ffffff,
109,37,5,Joao Sousa,110,717,107,28.0,6925,team,1463356800.0,Sousa J.,sousa-joao,Sousa J.,M,5104,SOU,110,False,1,37785,PT,Portugal,#52b030,#52b030,#ffffff,
110,43,5,Pedro Sousa,111,709,111,99.0,6976,team,1550448000.0,Sousa P.,sousa-pedro,Sousa P.,M,2040,SOU,111,False,1,17988,PT,Portugal,#52b030,#52b030,#ffffff,
111,44,5,Taro Daniel,112,708,112,64.0,6970,team,1535328000.0,Daniel T.,daniel-taro,Daniel T.,M,1283,DAN,112,False,1,48632,JP,Japan,#52b030,#52b030,#ffffff,
112,36,5,Yasutaka Uchiyama,113,704,113,78.0,6969,team,1572825600.0,Uchiyama Y.,uchiyama-yasutaka,Uchiyama Y.,M,645,UCH,113,False,1,46390,JP,Japan,#52b030,#52b030,#ffffff,
113,28,5,Carlos Alcaraz,114,695,114,114.0,7352,team,1620604800.0,Alcaraz C.,alcaraz-carlos,Alcaraz C.,M,6151,AGC,114,False,1,275923,ES,Spain,#52b030,#52b030,#ffffff,False
114,44,5,Benjamin Bonzi,115,693,115,115.0,7186,team,1620000000.0,Bonzi B.,bonzi-benjamin,Bonzi B.,M,1161,BON,115,False,1,94485,FR,France,#52b030,#52b030,#ffffff,
115,43,5,Francisco Cerundolo,116,688,117,139.0,7105,team,1607299200.0,Cerundolo F.,cerundolo-francisco,Cerundolo F.,M,2063,CER,116,False,1,221012,AR,Argentina,#52b030,#52b030,#ffffff,
116,30,5,Mackenzie McDonald,117,675,120,57.0,6983,team,1556496000.0,Mcdonald M.,mcdonald-mackenzie,Mcdonald M.,M,1579,MCD,117,False,1,63438,US,USA,#52b030,#52b030,#ffffff,
117,44,5,Andrej Martin,118,673,116,93.0,6975,team,1581292800.0,Martin A.,martin-andrej,Martin A.,M,893,MAR,118,False,1,24415,SK,Slovakia,#52b030,#52b030,#ffffff,
118,39,5,Denis Kudla,119,672,118,53.0,6966,team,1463961600.0,Kudla D.,kudla-denis,Kudla D.,M,1009,KUD,119,False,1,36595,US,USA,#52b030,#52b030,#ffffff,
119,39,5,Damir Dzumhur,120,666,119,23.0,6954,team,1530489600.0,Džumhur D.,dzumhur-damir,Džumhur D.,M,2271,DZU,120,False,1,49172,BA,Bosnia & Herzegovina,#52b030,#52b030,#ffffff,
120,37,5,Hugo Dellien,121,646,128,72.0,6940,team,1578873600.0,Dellien H.,dellien-hugo,Dellien H.,M,1445,DEL,121,False,1,57289,BO,Bolivia,#52b030,#52b030,#ffffff,
121,42,5,Thiago Seyboth Wild,122,644,126,106.0,7205,team,1600041600.0,Seyboth Wild T.,seyboth-wild-thiago,Seyboth Wild T.,M,2779,SWI,122,False,1,161262,BR,Brazil,#52b030,#52b030,#ffffff,
122,33,5,Gregoire Barrere,123,642,122,80.0,6945,team,1570406400.0,Barrere G.,barrere-gregoire,Barrere G.,M,1351,BAR,123,False,1,67154,FR,France,#52b030,#52b030,#ffffff,
123,13,5,Andy Murray,124,640,123,1.0,7104,team,1478476800.0,Murray A.,murray-andy,Murray A.,M,18439,MUR,124,False,1,15126,GB,United Kingdom,#52b030,#52b030,#ffffff,False
124,49,5,Arthur Rinderknech,125,640,124,124.0,7209,team,1620000000.0,Rinderknech A.,rinderknech-arthur,Rinderknech A.,M,1324,RIN,125,False,1,63606,FR,France,#52b030,#52b030,#ffffff,
125,45,5,Bernabe Zapata Miralles,126,635,139,126.0,7095,team,1621209600.0,Zapata Miralles B.,zapata-miralles-bernabe,Zapata Miralles B.,M,1003,ZMI,126,False,1,108565,ES,Spain,#52b030,#52b030,#ffffff,False
126,39,5,Jozef Kovalik,127,634,125,80.0,7037,team,1540166400.0,Kovalík J.,kovalik-jozef,Kovalík J.,M,851,KOV,127,False,1,57021,SK,Slovakia,#52b030,#52b030,#ffffff,
127,42,5,Christopher O'Connell,128,619,127,111.0,7010,team,1600041600.0,O'Connell C.,oconnell-christopher,O'Connell C.,M,702,O'C,128,False,1,58221,AU,Australia,#52b030,#52b030,#ffffff,
128,36,5,Kamil Majchrzak,129,614,129,83.0,6952,team,1569196800.0,Majchrzak K.,majchrzak-kamil,Majchrzak K.,M,3336,MAJ,129,False,1,108709,PL,Poland,#52b030,#52b030,#ffffff,
129,44,5,Juan Pablo Varillas,130,596,133,130.0,7022,team,1621209600.0,Varillas J.,varillas-juan-pablo,Varillas J.,M,1170,VPA,130,False,1,72248,PE,Peru,#52b030,#52b030,#ffffff,
130,36,5,Tallon Griekspoor,131,589,130,138.0,7030,team,1600041600.0,Griekspoor T.,griekspoor-tallon,Griekspoor T.,M,1416,GRI,131,False,1,122368,NL,Netherlands,#52b030,#52b030,#ffffff,
131,26,5,Philipp Kohlschreiber,132,572,121,16.0,6937,team,1343606400.0,Kohlschreiber P.,kohlschreiber-philipp,Kohlschreiber P.,M,2910,KOH,132,False,1,14624,DE,Germany,#52b030,#52b030,#ffffff,
132,45,5,Antoine Hoang,133,570,131,98.0,6968,team,1566172800.0,Hoang A.,hoang-antoine,Hoang A.,M,1256,HOA,133,False,1,94747,FR,France,#52b030,#52b030,#ffffff,
133,35,5,Peter Gojowczyk,134,566,132,39.0,6972,team,1529884800.0,Gojowczyk P.,gojowczyk-peter,Gojowczyk P.,M,1163,GOJ,134,False,1,16194,DE,Germany,#52b030,#52b030,#ffffff,
134,32,5,Cedrik-Marcel Stebe,135,562,134,71.0,7074,team,1329091200.0,Stebe C.,stebe-cedrik-marcel,Stebe C.,M,952,STE,135,False,1,23670,DE,Germany,#52b030,#52b030,#ffffff,
135,38,5,Evgeny Donskoy,136,555,135,65.0,6974,team,1373241600.0,Donskoy E.,donskoy-evgeny,Donskoy E.,M,594,DON,136,False,1,17017,RU,Russia,#52b030,#52b030,#ffffff,
136,39,5,Carlos Taberner,137,555,136,128.0,7072,team,1612742400.0,Taberner C.,taberner-carlos,Taberner C.,M,970,TAB,137,False,1,108559,ES,Spain,#52b030,#52b030,#ffffff,
137,57,5,Federico Gaio,138,548,137,124.0,7011,team,1580688000.0,Gaio F.,gaio-federico,Gaio F.,M,1459,GAI,138,False,1,23664,IT,Italy,#52b030,#52b030,#ffffff,
138,28,5,Brandon Nakashima,139,544,138,133.0,7348,team,1612742400.0,Nakashima B.,nakashima-brandon,Nakashima B.,M,1550,NAK,139,False,1,235576,US,USA,#52b030,#52b030,#ffffff,
139,38,5,Nikola Milojevic,140,540,141,129.0,7025,team,1617580800.0,Milojević N.,milojevic-nikola,Milojević N.,M,1271,MIL,140,False,1,74439,RS,Serbia,#52b030,#52b030,#ffffff,
140,48,5,Jurij Rodionov,141,530,142,139.0,7148,team,1614556800.0,Rodionov J.,rodionov-jurij,Rodionov J.,M,1626,ROD,141,False,1,200159,AT,Austria,#52b030,#52b030,#ffffff,
141,37,5,Sumit Nagal,142,528,140,122.0,6989,team,1598227200.0,Nagal S.,nagal-sumit,Nagal S.,M,1363,NAG,142,False,1,131566,IN,India,#52b030,#52b030,#ffffff,
142,35,5,Tomas Machac,143,524,143,137.0,7164,team,1615161600.0,Machač T.,machac-tomas,Machač T.,M,1004,MAC,143,False,1,238300,CZ,Czech Republic,#52b030,#52b030,#ffffff,
143,47,5,Daniel Altmaier,144,516,144,122.0,7271,team,1602460800.0,Altmaier D.,altmaier-daniel,Altmaier D.,M,1543,ALT,144,False,1,127208,DE,Germany,#52b030,#52b030,#ffffff,
144,41,5,Liam Broady,145,514,145,137.0,7133,team,1618790400.0,Broady L.,broady-liam,Broady L.,M,1042,BRO,145,False,1,47764,GB,United Kingdom,#52b030,#52b030,#ffffff,
145,46,5,Juan Manuel Cerundolo,146,513,152,146.0,7375,team,1621209600.0,Cerundolo J.,cerundolo-juan-manuel,Cerundolo J.,M,1813,CER,146,False,1,248861,AR,Argentina,#52b030,#52b030,#ffffff,
146,23,5,J.J. Wolf,147,512,146,120.0,7117,team,1600041600.0,Wolf J.J.,wolf-jj,Wolf J.J.,M,898,WOL,147,False,1,210479,US,USA,#52b030,#52b030,#ffffff,False
147,42,5,Marc Polmans,148,505,147,116.0,7014,team,1602460800.0,Polmans M.,polmans-marc,Polmans M.,M,639,POL,148,False,1,80665,AU,Australia,#52b030,#52b030,#ffffff,
148,38,5,Prajnesh Gunneswaran,149,496,148,75.0,6943,team,1555891200.0,Gunneswaran P.,gunneswaran-prajnesh,Gunneswaran P.,M,1072,GUN,149,False,1,18215,IN,India,#52b030,#52b030,#ffffff,
149,42,5,Henri Laaksonen,150,493,149,93.0,6964,team,1502064000.0,Laaksonen H.,laaksonen-henri,Laaksonen H.,M,1184,LAA,150,False,1,17018,CH,Switzerland,#52b030,#52b030,#ffffff,
150,39,5,Hugo Gaston,151,492,150,147.0,7151,team,1619395200.0,Gaston H.,gaston-hugo,Gaston H.,M,3102,GAS,151,False,1,205906,FR,France,#52b030,#52b030,#ffffff,
151,42,5,Oscar Otte,152,485,153,129.0,7016,team,1508112000.0,Otte O.,otte-oscar,Otte O.,M,1156,OTT,152,False,1,62404,DE,Germany,#52b030,#52b030,#ffffff,
152,40,5,Maxime Cressy,153,480,155,153.0,7075,team,1614556800.0,Cressy M.,cressy-maxime,Cressy M.,M,842,CRE,153,False,1,226805,US,USA,#52b030,#52b030,#ffffff,
153,39,5,Botic Van de Zandschulp,154,480,154,145.0,7131,team,1613952000.0,Van De Zandschulp B.,van-de-zandschulp-botic,Van De Zandschulp B.,M,1092,VDZ,154,False,1,102339,NL,Netherlands,#52b030,#52b030,#ffffff,
154,44,5,Blaz Rola,155,476,156,78.0,6993,team,1420416000.0,Rola B.,rola-blaz,Rola B.,M,710,ROL,155,False,1,25455,SI,Slovenia,#52b030,#52b030,#ffffff,
155,38,5,Danilo Petrovic,156,474,157,137.0,7056,team,1603065600.0,Petrović D.,petrovic-danilo,Petrović D.,M,1041,PET,156,False,1,51185,RS,Serbia,#52b030,#52b030,#ffffff,
156,29,5,Go Soeda,157,469,158,47.0,6986,team,1343001600.0,Soeda G.,soeda-go,Soeda G.,M,513,SOE,157,False,1,15739,JP,Japan,#52b030,#52b030,#ffffff,
157,28,5,Leonardo Mayer,158,464,159,21.0,6957,team,1434931200.0,Mayer L.,mayer-leonardo,Mayer L.,M,1687,MAY,158,False,1,15565,AR,Argentina,#52b030,#52b030,#ffffff,
158,44,5,Marc-Andrea Huesler,159,459,160,142.0,7154,team,1611532800.0,Hüsler M.,husler-marc-andrea,Hüsler M.,M,1061,HUE,159,False,1,145112,CH,Switzerland,#52b030,#52b030,#ffffff,
159,40,5,Alessandro Giannessi,160,458,161,84.0,7008,team,1500854400.0,Giannessi A.,giannessi-alessandro,Giannessi A.,M,1249,GIA,160,False,1,16833,IT,Italy,#52b030,#52b030,#ffffff,
160,38,5,Jason Jung,161,448,151,114.0,6996,team,1532908800.0,Jung J.,jung-jason,Jung J.,M,681,JUN,161,False,1,63446,TW,Chinese Taipei,#52b030,#52b030,#ffffff,
161,39,5,Illya Marchenko,162,443,162,49.0,7135,team,1474848000.0,Marchenko I.,marchenko-illya,Marchenko I.,M,883,MAR,162,False,1,16192,UA,Ukraine,#52b030,#52b030,#ffffff,
162,51,5,Mohamed Safwat,163,440,163,130.0,7077,team,1581292800.0,Safwat M.,safwat-mohamed,Safwat M.,M,1053,SAF,163,False,1,42029,EG,Egypt,#52b030,#52b030,#ffffff,
163,30,5,Thomas Fabbiano,164,439,164,70.0,6950,team,1505692800.0,Fabbiano T.,fabbiano-thomas,Fabbiano T.,M,2327,FAB,164,False,1,16515,IT,Italy,#52b030,#52b030,#ffffff,
164,16,5,Jenson Brooksby,165,437,165,266.0,7139,team,1574640000.0,Brooksby J.,brooksby-jenson,Brooksby J.,M,735,BRO,165,False,1,191873,US,USA,#52b030,#52b030,#ffffff,
165,45,5,Alejandro Tabilo,166,430,166,156.0,7073,team,1600041600.0,Tabilo A.,tabilo-alejandro,Tabilo A.,M,2171,TAB,166,False,1,102151,CL,Chile,#52b030,#52b030,#ffffff,
166,44,5,Paolo Lorenzi,167,428,167,33.0,6978,team,1494806400.0,Lorenzi P.,lorenzi-paolo,Lorenzi P.,M,2161,LOR,167,False,1,14914,IT,Italy,#52b030,#52b030,#ffffff,
167,29,5,Michael Mmoh,168,423,169,96.0,7145,team,1538352000.0,Mmoh M.,mmoh-michael,Mmoh M.,M,855,MMO,168,False,1,131442,US,USA,#52b030,#52b030,#ffffff,
168,41,5,Frederico Ferreira Silva,169,423,170,169.0,7084,team,1621209600.0,Ferreira Silva F.,ferreira-silva-frederico,Ferreira Silva F.,M,1277,SIL,169,False,1,66484,PT,Portugal,#52b030,#52b030,#ffffff,
169,28,5,Bradley Klahn,170,422,168,63.0,6965,team,1395014400.0,Klahn B.,klahn-bradley,Klahn B.,M,440,KLA,170,False,1,38408,US,USA,#52b030,#52b030,#ffffff,
170,45,5,Sebastian Ofner,171,418,172,126.0,7026,team,1557100800.0,Ofner S.,ofner-sebastian,Ofner S.,M,1578,OFN,171,False,1,83397,AT,Austria,#52b030,#52b030,#ffffff,
171,22,5,Ivo Karlovic,172,417,173,14.0,6948,team,1219017600.0,Karlović I.,karlovic-ivo,Karlović I.,M,2747,KAR,172,False,1,14527,HR,Croatia,#52b030,#52b030,#ffffff,
172,42,5,Kacper Zuk,173,415,171,216.0,7323,team,1615766400.0,Zuk K.,zuk-kacper,Zuk K.,M,2055,ZUK,173,False,1,205971,PL,Poland,#52b030,#52b030,#ffffff,
173,44,5,Kimmer Coppejans,174,407,176,97.0,7019,team,1434931200.0,Coppejans K.,coppejans-kimmer,Coppejans K.,M,1040,COP,174,False,1,54955,BE,Belgium,#52b030,#52b030,#ffffff,
174,34,5,Martin Klizan,175,404,177,24.0,7000,team,1430092800.0,Kližan M.,klizan-martin,Kližan M.,M,1210,KLI,175,False,1,15983,SK,Slovakia,#52b030,#52b030,#ffffff,
175,55,5,Lorenzo Giustino,176,399,174,127.0,7006,team,1565568000.0,Giustino L.,giustino-lorenzo,Giustino L.,M,1497,GIU,176,False,1,48626,IT,Italy,#52b030,#52b030,#ffffff,
176,43,5,Roman Safiullin,177,393,179,164.0,7090,team,1613952000.0,Safiullin R.,safiullin-roman,Safiullin R.,M,557,SAF,177,False,1,124930,RU,Russia,#52b030,#52b030,#ffffff,
177,41,5,Mario Vilella Martinez,178,393,178,170.0,7039,team,1598832000.0,Vilella Martínez M.,vilella-martinez-mario,Vilella Martínez M.,M,856,VMA,178,False,1,71336,ES,Spain,#52b030,#52b030,#ffffff,False
178,26,5,Zhizhen Zhang,179,393,183,136.0,7043,team,1581292800.0,Zhang Z.,zhang-zhizhen,Zhang Z.,M,541,ZHA,179,False,1,75813,CN,China,#52b030,#52b030,#ffffff,
179,13,5,Hyeon Chung,180,391,181,19.0,6992,team,1522627200.0,Chung H.,chung-hyeon,Chung H.,M,2123,CHU,180,False,1,83211,KR,South Korea,#52b030,#52b030,#ffffff,
180,45,5,Steven Diez,181,391,180,134.0,7017,team,1574035200.0,Diez S.,diez-steven,Diez S.,M,637,DIE,181,False,1,36298,CA,Canada,#52b030,#52b030,#ffffff,
181,46,5,Emilio Gomez,182,391,182,143.0,7004,team,1571011200.0,Gomez E.,gomez-emilio,Gomez E.,M,732,GOM,182,False,1,26203,EC,Ecuador,#52b030,#52b030,#ffffff,
182,43,5,Sebastian Baez,183,391,218,183.0,7368,team,1621209600.0,Baez S.,baez-sebastian,Baez S.,M,1215,BAE,183,False,1,221806,AR,Argentina,#52b030,#52b030,#ffffff,
183,41,5,Lukas Rosol,184,384,184,26.0,7013,team,1411344000.0,Rosol L.,rosol-lukas,Rosol L.,M,880,ROS,184,False,1,16286,CZ,Czech Republic,#52b030,#52b030,#ffffff,
184,31,5,Ernests Gulbis,185,383,185,10.0,6995,team,1402272000.0,Gulbis E.,gulbis-ernests,Gulbis E.,M,1419,GUL,185,False,1,15725,LV,Latvia,#52b030,#52b030,#ffffff,
185,45,5,Filip Horansky,186,379,186,161.0,7034,team,1558310400.0,Horanský F.,horansky-filip,Horanský F.,M,570,HOR,186,False,1,38908,SK,Slovakia,#52b030,#52b030,#ffffff,
186,33,5,Ernesto Escobedo,187,378,187,67.0,7108,team,1500249600.0,Escobedo E.,escobedo-ernesto,Escobedo E.,M,514,ESC,187,False,1,80491,US,USA,#52b030,#52b030,#ffffff,
187,42,5,Enzo Couacaud,188,375,188,164.0,7038,team,1564358400.0,Couacaud E.,couacaud-enzo,Couacaud E.,M,689,COU,188,False,1,74441,FR,France,#52b030,#52b030,#ffffff,
188,43,5,Alexandre Muller,189,370,189,189.0,7106,team,1620604800.0,Muller A.,muller-alexandre,Muller A.,M,799,MUL,189,False,1,88992,FR,France,#52b030,#52b030,#ffffff,
189,33,5,Mikael Torpegaard,190,367,190,166.0,7031,team,1578268800.0,Torpegaard M.,torpegaard-mikael,Torpegaard M.,M,993,TOR,190,False,1,87808,DK,Denmark,#52b030,#52b030,#ffffff,
190,49,5,Roberto Marcora,191,366,192,150.0,7048,team,1581897600.0,Marcora R.,marcora-roberto,Marcora R.,M,1020,MAR,191,False,1,23598,IT,Italy,#52b030,#52b030,#ffffff,
191,35,5,Elias Ymer,192,365,191,105.0,6984,team,1528675200.0,Ymer E.,ymer-elias,Ymer E.,M,1367,YME,192,False,1,83661,SE,Sweden,#52b030,#52b030,#ffffff,
192,53,5,Dmitry Popko,193,362,193,165.0,7068,team,1598832000.0,Popko D.,popko-dmitry,Popko D.,M,1308,POP,193,False,1,50901,KZ,Kazakhstan,#52b030,#52b030,#ffffff,
193,29,5,Alex Bolt,194,359,194,125.0,7015,team,1551657600.0,Bolt A.,bolt-alex,Bolt A.,M,644,BOL,194,False,1,58369,AU,Australia,#52b030,#52b030,#ffffff,
194,32,5,Mathias Bourgue,195,359,195,140.0,7071,team,1492992000.0,Bourgue M.,bourgue-mathias,Bourgue M.,M,584,BOU,195,False,1,58371,FR,France,#52b030,#52b030,#ffffff,
195,27,5,Bjorn Fratangelo,196,351,198,99.0,7027,team,1465171200.0,Fratangelo B.,fratangelo-bjorn,Fratangelo B.,M,554,FRA,196,False,1,55427,US,USA,#52b030,#52b030,#ffffff,
196,43,5,Cem Ilkel,197,351,199,195.0,7134,team,1583107200.0,Ilkel C.,ilkel-cem,Ilkel C.,M,888,ILK,197,False,1,53183,TR,Turkey,#52b030,#52b030,#ffffff,
197,15,5,Thanasi Kokkinakis,198,348,201,69.0,7018,team,1433721600.0,Kokkinakis T.,kokkinakis-thanasi,Kokkinakis T.,M,2025,KOK,198,False,1,71280,AU,Australia,#52b030,#52b030,#ffffff,
198,23,5,Guido Andreozzi,199,348,197,70.0,6973,team,1548633600.0,Andreozzi G.,andreozzi-guido,Andreozzi G.,M,746,AND,199,False,1,47295,AR,Argentina,#52b030,#52b030,#ffffff,
199,34,5,Ruben Bemelmans,200,347,200,84.0,7062,team,1443398400.0,Bemelmans R.,bemelmans-ruben,Bemelmans R.,M,958,BEM,200,False,1,17004,BE,Belgium,#52b030,#52b030,#ffffff,
200,45,5,Yannick Maden,201,346,203,96.0,6979,team,1561334400.0,Maden Y.,maden-yannick,Maden Y.,M,877,MAD,201,False,1,87678,DE,Germany,#52b030,#52b030,#ffffff,
201,44,5,Andrea Collarini,202,346,204,186.0,7059,team,1402272000.0,Collarini A.,collarini-andrea,Collarini A.,M,778,COL,202,False,1,43761,AR,Argentina,#52b030,#52b030,#ffffff,
202,40,5,Denis Istomin,203,343,205,33.0,7067,team,1344816000.0,Istomin D.,istomin-denis,Istomin D.,M,924,IST,203,False,1,15743,UZ,Uzbekistan,#52b030,#52b030,#ffffff,
203,34,5,Robin Haase,204,340,206,33.0,7012,team,1343606400.0,Haase R.,haase-robin,Haase R.,M,1778,HAA,204,False,1,16042,NL,Netherlands,#52b030,#52b030,#ffffff,
204,30,5,Viktor Troicki,205,339,202,12.0,7021,team,1307318400.0,Troicki V.,troicki-viktor,Troicki V.,M,1923,TRO,205,False,1,15468,RS,Serbia,#52b030,#52b030,#ffffff,
205,38,5,Mitchell Krueger,206,338,208,159.0,7061,team,1550448000.0,Krueger M.,krueger-mitchell,Krueger M.,M,352,KRU,206,False,1,52276,US,USA,#52b030,#52b030,#ffffff,
206,46,5,Renzo Olivo,207,336,210,78.0,7128,team,1483920000.0,Olivo R.,olivo-renzo,Olivo R.,M,823,OLI,207,False,1,55787,AR,Argentina,#52b030,#52b030,#ffffff,
207,44,5,Aleksandar Vukic,208,334,209,183.0,7114,team,1603065600.0,Vukić A.,vukic-aleksandar,Vukić A.,M,516,VUK,208,False,1,124656,AU,Australia,#52b030,#52b030,#ffffff,
208,41,5,Sergiy Stakhovsky,209,333,211,31.0,7003,team,1285545600.0,Stakhovsky S.,stakhovsky-sergiy,Stakhovsky S.,M,770,STA,209,False,1,14903,UA,Ukraine,#52b030,#52b030,#ffffff,
209,46,5,Joao Menezes,210,332,196,172.0,7058,team,1581897600.0,Menezes J.,menezes-joao,Menezes J.,M,1130,MHD,210,False,1,121606,BR,Brazil,#52b030,#52b030,#ffffff,
210,16,5,Marcel Granollers,211,331,212,19.0,6971,team,1343001600.0,Granollers M.,granollers-marcel,Granollers M.,M,614,GRA,211,False,1,15568,ES,Spain,#52b030,#52b030,#ffffff,
211,33,5,Lukas Lacko,212,324,213,44.0,7100,team,1358121600.0,Lacko L.,lacko-lukas,Lacko L.,M,568,LAC,212,False,1,15804,SK,Slovakia,#52b030,#52b030,#ffffff,
212,26,5,Bernard Tomic,213,322,207,17.0,7045,team,1452470400.0,Tomić B.,tomic-bernard,Tomić B.,M,1096,TOM,213,False,1,17080,AU,Australia,#52b030,#52b030,#ffffff,False
213,29,5,Maximilian Marterer,214,322,214,45.0,7101,team,1534118400.0,Marterer M.,marterer-maximilian,Marterer M.,M,1327,MAR,214,False,1,71660,DE,Germany,#52b030,#52b030,#ffffff,
214,48,5,Ramkumar Ramanathan,215,321,215,111.0,7050,team,1532908800.0,Ramanathan R.,ramanathan-ramkumar,Ramanathan R.,M,681,RAM,215,False,1,58877,IN,India,#52b030,#52b030,#ffffff,
215,29,5,Blaz Kavcic,216,318,216,68.0,7127,team,1344211200.0,Kavčič B.,kavcic-blaz,Kavčič B.,M,580,KAV,216,False,1,16282,SI,Slovenia,#52b030,#52b030,#ffffff,False
216,47,5,Daniel Masur,217,318,217,203.0,7096,team,1497830400.0,Masur D.,masur-daniel,Masur D.,M,712,MAS,217,False,1,53483,DE,Germany,#52b030,#52b030,#ffffff,
217,43,5,Juan Pablo Ficovich,218,311,219,196.0,7123,team,1598832000.0,Ficovich J.,ficovich-juan-pablo,Ficovich J.,M,694,FIC,218,False,1,113979,AR,Argentina,#52b030,#52b030,#ffffff,
218,42,5,Brayden Schnur,219,310,220,92.0,6958,team,1566172800.0,Schnur B.,schnur-brayden,Schnur B.,M,851,SCH,219,False,1,66470,CA,Canada,#52b030,#52b030,#ffffff,
219,26,5,Tatsuma Ito,220,309,221,60.0,6998,team,1350864000.0,Ito T.,ito-tatsuma,Ito T.,M,415,ITO,220,False,1,17959,JP,Japan,#52b030,#52b030,#ffffff,
220,42,5,Quentin Halys,221,305,222,102.0,7041,team,1517788800.0,Halys Q.,halys-quentin,Halys Q.,M,822,HAL,221,False,1,90798,FR,France,#52b030,#52b030,#ffffff,
221,28,5,Thai-Son Kwiatkowski,222,304,223,181.0,7054,team,1580688000.0,Kwiatkowski T.,kwiatkowski-thai-son,Kwiatkowski T.,M,417,KWI,222,False,1,63642,US,USA,#52b030,#52b030,#ffffff,
222,38,5,Constant Lestienne,223,301,224,142.0,7085,team,1547424000.0,Lestienne C.,lestienne-constant,Lestienne C.,M,527,LES,223,False,1,62790,FR,France,#52b030,#52b030,#ffffff,
223,47,5,Maxime Janvier,224,301,225,170.0,7044,team,1569801600.0,Janvier M.,janvier-maxime,Janvier M.,M,617,JAN,224,False,1,107625,FR,France,#52b030,#52b030,#ffffff,
224,53,5,Tomas Martin Etcheverry,225,301,226,222.0,7274,team,1614556800.0,Etcheverry T.,etcheverry-tomas-martin,Etcheverry T.,M,1017,ETC,225,False,1,169496,AR,Argentina,#52b030,#52b030,#ffffff,
225,36,5,Joao Domingues,226,293,227,150.0,7046,team,1582502400.0,Domingues J.,domingues-joao,Domingues J.,M,1044,DOM,226,False,1,57327,PT,Portugal,#52b030,#52b030,#ffffff,
226,27,5,Marius Copil,227,292,228,56.0,6953,team,1548633600.0,Copil M.,copil-marius,Copil M.,M,1603,COP,227,False,1,16327,RO,Romania,#52b030,#52b030,#ffffff,
227,36,5,Jay Clarke,228,292,229,153.0,7051,team,1563753600.0,Clarke J.,clarke-jay,Clarke J.,M,726,CLA,228,False,1,197809,GB,United Kingdom,#52b030,#52b030,#ffffff,
228,24,5,Matthew Ebden,229,292,230,39.0,7081,team,1540166400.0,Ebden M.,ebden-matthew,Ebden M.,M,677,EBD,229,False,1,16409,AU,Australia,#52b030,#52b030,#ffffff,
229,43,5,Marcelo Tomas Barrios Vera,230,292,243,254.0,7189,team,1606694400.0,Barrios Vera T.,barrios-vera-marcelo-tomas,Barrios Vera T.,M,1458,TBV,230,False,1,132834,CL,Chile,#52b030,#52b030,#ffffff,
230,53,5,Zdenek Kolar,231,288,231,208.0,7138,team,1535328000.0,Kolář Z.,kolar-zdenek,Kolář Z.,M,686,KOL,231,False,1,132558,CZ,Czech Republic,#52b030,#52b030,#ffffff,
231,34,5,Borna Gojo,232,282,238,217.0,7193,team,1603670400.0,Gojo B.,gojo-borna,Gojo B.,M,842,GOJ,232,False,1,124916,HR,Croatia,#52b030,#52b030,#ffffff,
232,30,5,Tommy Robredo,233,281,232,5.0,7066,team,1156723200.0,Robredo T.,robredo-tommy,Robredo T.,M,642,ROB,233,False,1,14335,ES,Spain,#52b030,#52b030,#ffffff,
233,46,5,Andrea Pellegrino,234,280,235,234.0,7217,team,1621209600.0,Pellegrino A.,pellegrino-andrea,Pellegrino A.,M,1085,PEL,234,False,1,93597,IT,Italy,#52b030,#52b030,#ffffff,
234,42,5,Felipe Meligeni Rodrigues Alves,235,279,233,227.0,7260,team,1616371200.0,Meligeni Rodrigues Alves F.,meligeni-rodrigues-alves-felipe,Meligeni Rodrigues Alves F.,M,1079,MRA,235,False,1,158748,BR,Brazil,#52b030,#52b030,#ffffff,False
235,32,5,Marco Trungelliti,236,278,234,112.0,7069,team,1551657600.0,Trungelliti M.,trungelliti-marco,Trungelliti M.,M,815,TRU,236,False,1,38517,AR,Argentina,#52b030,#52b030,#ffffff,
236,33,5,Dimitar Kuzmanov,237,275,239,237.0,7218,team,1621209600.0,Kuzmanov D.,kuzmanov-dimitar,Kuzmanov D.,M,1247,KUZ,237,False,1,51009,BG,Bulgaria,#52b030,#52b030,#ffffff,
237,45,5,Roberto Cid Subervi,238,275,237,211.0,7146,team,1600041600.0,Cid Subervi R.,cid-subervi-roberto,Cid Subervi R.,M,374,CID,238,False,1,51309,DO,Dominican Republic,#52b030,#52b030,#ffffff,
238,40,5,Altug Celikbilek,239,274,236,234.0,7219,team,1619395200.0,Celikbilek A.,celikbilek-altug,Celikbilek A.,M,776,CEL,239,False,1,72230,TR,Turkey,#52b030,#52b030,#ffffff,
239,30,5,Tobias Kamke,240,273,240,64.0,7098,team,1296432000.0,Kamke T.,kamke-tobias,Kamke T.,M,520,KAM,240,False,1,15958,DE,Germany,#52b030,#52b030,#ffffff,
240,35,5,Christopher Eubanks,241,271,241,147.0,7064,team,1555286400.0,Eubanks C.,eubanks-christopher,Eubanks C.,M,785,EUB,241,False,1,197516,US,USA,#52b030,#52b030,#ffffff,
241,48,5,Peter Polansky,242,265,244,110.0,7020,team,1529884800.0,Polansky P.,polansky-peter,Polansky P.,M,550,POL,242,False,1,16174,CA,Canada,#52b030,#52b030,#ffffff,
242,11,5,Nicolas Mahut,243,261,246,37.0,7032,team,1399248000.0,Mahut N.,mahut-nicolas,Mahut N.,M,1108,MAH,243,False,1,14508,FR,France,#52b030,#52b030,#ffffff,
243,44,5,Tristan Lamasine,244,258,247,181.0,7080,team,1438560000.0,Lamasine T.,lamasine-tristan,Lamasine T.,M,455,LAM,244,False,1,47767,FR,France,#52b030,#52b030,#ffffff,
244,30,5,Matthias Bachinger,245,257,242,85.0,7042,team,1313366400.0,Bachinger M.,bachinger-matthias,Bachinger M.,M,692,BAC,245,False,1,15231,DE,Germany,#52b030,#52b030,#ffffff,
245,41,5,Elliot Benchetrit,246,256,245,198.0,7063,team,1581292800.0,Benchetrit E.,benchetrit-elliot,Benchetrit E.,M,712,BEN,246,False,1,135786,MA,Morocco,#52b030,#52b030,#ffffff,
246,16,5,Jack Sock,247,256,248,8.0,11087,team,1511136000.0,Sock J.,sock-jack,Sock J.,M,2382,SOC,247,False,1,41371,US,USA,#52b030,#52b030,#ffffff,
247,35,5,Nicola Kuhn,248,252,249,174.0,7036,team,1570406400.0,Kuhn N.,kuhn-nicola,Kuhn N.,M,853,KUH,248,False,1,195248,ES,Spain,#52b030,#52b030,#ffffff,
248,45,5,Matteo Viola,249,247,250,118.0,7076,team,1363564800.0,Viola M.,viola-matteo,Viola M.,M,828,VIO,249,False,1,24003,IT,Italy,#52b030,#52b030,#ffffff,
249,38,5,Facundo Mena,250,246,251,195.0,7057,team,1568592000.0,Mena F.,mena-facundo,Mena F.,M,551,MEN,250,False,1,38180,AR,Argentina,#52b030,#52b030,#ffffff,
250,23,5,Yosuke Watanuki,251,241,255,171.0,7150,team,1552867200.0,Watanuki Y.,watanuki-yosuke,Watanuki Y.,M,409,WAT,251,False,1,157302,JP,Japan,#52b030,#52b030,#ffffff,
251,32,5,Mats Moraing,252,241,267,148.0,7035,team,1532908800.0,Moraing M.,moraing-mats,Moraing M.,M,472,MOR,252,False,1,75237,DE,Germany,#52b030,#52b030,#ffffff,
252,38,5,Ulises Blanch,253,241,253,236.0,7251,team,1602460800.0,Blanch U.,blanch-ulises,Blanch U.,M,526,BLA,253,False,1,137810,US,USA,#52b030,#52b030,#ffffff,
253,52,5,Teymuraz Gabashvili,254,240,257,43.0,7166,team,1454284800.0,Gabashvili T.,gabashvili-teimuraz,Gabashvili T.,M,472,GAB,254,False,1,14823,RU,Russia,#52b030,#52b030,#ffffff,
254,38,5,Lukas Klein,255,239,258,255.0,7173,team,1621209600.0,Klein L.,klein-lukas,Klein L.,M,603,KLE,255,False,1,163636,SK,Slovakia,#52b030,#52b030,#ffffff,
255,51,5,Vit Kopriva,256,238,259,256.0,7194,team,1621209600.0,Kopřiva V.,kopriva-vit,Kopřiva V.,M,610,KOP,256,False,1,199395,CZ,Czech Republic,#52b030,#52b030,#ffffff,
256,29,5,Guillermo Garcia-Lopez,257,236,256,23.0,7002,team,1298246400.0,García-López G.,garcia-lopez-guillermo,García-López G.,M,640,GAR,257,False,1,14651,ES,Spain,#52b030,#52b030,#ffffff,
257,43,5,Alex Molcan,258,236,260,258.0,7199,team,1621209600.0,Molcan A.,molcan-alex,Molcan A.,M,584,MOL,258,False,1,145130,SK,Slovakia,#52b030,#52b030,#ffffff,
258,40,5,Hiroki Moriya,259,234,261,143.0,7110,team,1420416000.0,Moriya H.,moriya-hiroki,Moriya H.,M,344,MOR,259,False,1,32466,JP,Japan,#52b030,#52b030,#ffffff,
259,34,5,Rudolf Molleker,260,232,254,146.0,7028,team,1564358400.0,Molleker R.,molleker-rudolf,Molleker R.,M,1001,MOL,260,False,1,209103,DE,Germany,#52b030,#52b030,#ffffff,
260,36,5,Zizou Bergs,261,232,263,261.0,7369,team,1621209600.0,Bergs Z.,bergs-zizou,Bergs Z.,M,1294,BER,261,False,1,170946,BE,Belgium,#52b030,#52b030,#ffffff,
261,39,5,Gian Marco Moroni,262,232,264,209.0,7126,team,1598227200.0,Moroni G.,moroni-gian-marco,Moroni G.,M,1111,MOR,262,False,1,100097,IT,Italy,#52b030,#52b030,#ffffff,
262,52,5,Hugo Grenier,263,232,265,237.0,7183,team,1583107200.0,Grenier H.,grenier-hugo,Grenier H.,M,575,GRE,263,False,1,107357,FR,France,#52b030,#52b030,#ffffff,
263,11,5,Juan Martin del Potro,264,230,175,3.0,6982,team,1534118400.0,del Potro J.,del-potro-juan-martin,del Potro J.,M,16195,DPO,264,False,1,15276,AR,Argentina,#52b030,#52b030,#ffffff,False
264,27,5,Zhe Li,265,225,262,193.0,7093,team,1573430400.0,Zhe Li.,li-zhe,Zhe Li.,M,341,ZHE,265,False,1,43746,CN,China,#52b030,#52b030,#ffffff,
265,16,5,Jason Kubler,266,223,268,91.0,7115,team,1538956800.0,Kubler J.,kubler-jason,Kubler J.,M,344,KUB,266,False,1,39726,AU,Australia,#52b030,#52b030,#ffffff,
266,33,5,Tung-Lin Wu,267,222,266,213.0,7097,team,1581292800.0,Tung-Lin Wu.,wu-tung-lin,Tung-Lin Wu.,M,379,TUN,267,False,1,163996,TW,Chinese Taipei,#52b030,#52b030,#ffffff,
267,17,5,Dudi Sela,268,220,252,29.0,7001,team,1248048000.0,Sela D.,sela-dudi,Sela D.,M,495,SEL,268,False,1,15300,IL,Israel,#52b030,#52b030,#ffffff,
268,41,5,Julian Lenz,269,220,271,227.0,7120,team,1578268800.0,Lenz J.,lenz-julian,Lenz J.,M,450,LEN,269,False,1,52133,DE,Germany,#52b030,#52b030,#ffffff,
269,41,5,Pavel Kotov,270,218,269,245.0,7119,team,1578268800.0,Kotov P.,kotov-pavel,Kotov P.,M,529,KOT,270,False,1,203258,RU,Russia,#52b030,#52b030,#ffffff,
270,42,5,Andrea Arnaboldi,271,217,270,153.0,7176,team,1444608000.0,Arnaboldi A.,arnaboldi-andrea,Arnaboldi A.,M,803,ARN,271,False,1,16057,IT,Italy,#52b030,#52b030,#ffffff,
271,27,5,Andrew Harris,272,216,272,159.0,7047,team,1573430400.0,Harris A.,harris-andrew,Harris A.,M,237,HAR,272,False,1,62488,AU,Australia,#52b030,#52b030,#ffffff,
272,28,5,Mischa Zverev,273,214,273,25.0,7156,team,1500854400.0,Zverev M.,zverev-mischa,Zverev M.,M,2102,ZVE,273,False,1,16011,DE,Germany,#52b030,#52b030,#ffffff,
273,35,5,Chun-hsin Tseng,274,208,277,272.0,7202,team,1582502400.0,Tseng C.,tseng-chun-hsin,Tseng C.,M,638,TSE,274,False,1,207034,TW,Chinese Taipei,#52b030,#52b030,#ffffff,
274,45,5,Roberto Quiroz,275,207,276,172.0,7116,team,1552867200.0,Quiroz R.,quiroz-roberto,Quiroz R.,M,459,QUI,275,False,1,38793,EC,Ecuador,#52b030,#52b030,#ffffff,
275,38,5,Malek Jaziri,276,202,279,42.0,7009,team,1546819200.0,Jaziri M.,jaziri-malek,Jaziri M.,M,1704,JAZ,276,False,1,15853,TN,Tunisia,#52b030,#52b030,#ffffff,
276,28,5,Max Purcell,277,201,281,204.0,7088,team,1581292800.0,Purcell M.,purcell-max,Purcell M.,M,435,PUR,277,False,1,124658,AU,Australia,#52b030,#52b030,#ffffff,
277,44,5,Evgeny Karlovskiy,278,201,280,211.0,7130,team,1560729600.0,Karlovskiy E.,karlovskiy-evgeny,Karlovskiy E.,M,452,KAR,278,False,1,54903,RU,Russia,#52b030,#52b030,#ffffff,
278,21,5,Noah Rubin,279,200,283,125.0,7070,team,1538956800.0,Rubin N.,rubin-noah,Rubin N.,M,417,RUB,279,False,1,65016,US,USA,#52b030,#52b030,#ffffff,
279,40,5,Alexey Vatutin,280,200,282,136.0,7055,team,1530489600.0,Vatutin A.,vatutin-alexey,Vatutin A.,M,415,VAT,280,False,1,52462,RU,Russia,#52b030,#52b030,#ffffff,
280,39,5,Guilherme Clezar,281,200,284,153.0,7188,team,1438560000.0,Clezar G.,clezar-guilherme,Clezar G.,M,593,CLE,281,False,1,17985,BR,Brazil,#52b030,#52b030,#ffffff,
281,25,5,Yan Bai,282,198,275,200.0,7083,team,1458518400.0,Bai Y.,bai-yan,Bai Y.,M,167,BAI,282,False,1,25683,CN,China,#52b030,#52b030,#ffffff,
282,28,5,JiSung Nam,283,198,285,,48406,team,,Nam J.,nam-ji-sung,Nam J.,M,205,NAM,283,False,1,42151,KR,South Korea,#52b030,#52b030,#ffffff,
283,41,5,Pedja Krstin,284,198,286,159.0,7087,team,1462752000.0,Krstin P.,krstin-pedja,Krstin P.,M,522,KRS,284,False,1,73016,RS,Serbia,#52b030,#52b030,#ffffff,
284,32,5,Filippo Baldi,285,197,274,144.0,7024,team,1564358400.0,Baldi F.,baldi-filippo,Baldi F.,M,854,BAL,285,False,1,84253,IT,Italy,#52b030,#52b030,#ffffff,
285,22,5,Carlos Gimeno Valero,286,195,288,286.0,7830,team,1621209600.0,Gimeno Valero C.,gimeno-valero-carlos,Gimeno Valero C.,M,627,GVA,286,False,1,217449,ES,Spain,#52b030,#52b030,#ffffff,
286,18,5,Steve Darcis,287,193,287,38.0,7040,team,1495411200.0,Darcis S.,darcis-steve,Darcis S.,M,832,DAR,287,False,1,15098,BE,Belgium,#52b030,#52b030,#ffffff,
287,36,5,Akira Santillan,288,193,278,144.0,7107,team,1510531200.0,Santillan A.,santillan-akira,Santillan A.,M,418,SAN,288,False,1,83263,AU,Australia,#52b030,#52b030,#ffffff,
288,28,5,Mirza Basic,289,192,289,74.0,7111,team,1518998400.0,Bašić M.,basic-mirza,Bašić M.,M,767,BAS,289,False,1,18066,BA,Bosnia & Herzegovina,#52b030,#52b030,#ffffff,
289,33,5,Jiri Lehecka,290,192,290,290.0,7432,team,1620604800.0,Lehečka J.,lehecka-jiri,Lehečka J.,M,555,LEH,290,False,1,254742,CZ,Czech Republic,#52b030,#52b030,#ffffff,
290,36,5,Adrian Menendez-Maceiras,291,192,291,111.0,7094,team,1433721600.0,Menéndez-Maceiras A.,menendez-maceiras-adrian,Menéndez-Maceiras A.,M,347,MEN,291,False,1,16040,ES,Spain,#52b030,#52b030,#ffffff,
291,45,5,Pedro Cachin,292,191,292,166.0,7129,team,1442188800.0,Cachin P.,cachin-pedro,Cachin P.,M,682,CAC,292,False,1,73987,AR,Argentina,#52b030,#52b030,#ffffff,
292,52,5,Riccardo Bonadio,293,191,293,277.0,7223,team,1600041600.0,Bonadio R.,bonadio-riccardo,Bonadio R.,M,742,BON,293,False,1,54733,IT,Italy,#52b030,#52b030,#ffffff,
293,44,5,Michael Vrbensky,294,190,294,294.0,7293,team,1620604800.0,Vrbenský M.,vrbensky-michael,Vrbenský M.,M,540,VRB,294,False,1,235930,CZ,Czech Republic,#52b030,#52b030,#ffffff,
294,52,5,Nino Serdarusic,295,186,295,192.0,7155,team,1533513600.0,Serdarušić N.,serdarusic-nino,Serdarušić N.,M,636,SER,295,False,1,90110,HR,Croatia,#52b030,#52b030,#ffffff,
295,25,5,Nuno Borges,296,185,301,296.0,7455,team,1621209600.0,Borges N.,borges-nuno,Borges N.,M,1137,BOR,296,False,1,125006,PT,Portugal,#52b030,#52b030,#ffffff,
296,38,5,Evgenii Tiurnev,297,183,296,293.0,7272,team,1615766400.0,Tyurnev E.,tyurnev-evgeny,Tyurnev E.,M,312,TYU,297,False,1,115463,RU,Russia,#52b030,#52b030,#ffffff,
297,31,5,Duckhee Lee,298,182,299,130.0,7109,team,1491782400.0,Lee D.,lee-duckhee,Lee D.,M,428,LEE,298,False,1,93695,KR,South Korea,#52b030,#52b030,#ffffff,
298,10,5,Christian Harrison,299,181,300,198.0,7525,team,1530489600.0,Harrison C.,harrison-christian,Harrison C.,M,476,HAR,299,False,1,52065,US,USA,#52b030,#52b030,#ffffff,
299,24,5,Dustin Brown,300,181,298,64.0,7060,team,1476057600.0,Brown D.,brown-dustin,Brown D.,M,2185,BRO,300,False,1,15931,DE,Germany,#52b030,#52b030,#ffffff,
300,53,5,Roberto Ortega-Olmedo,301,177,297,232.0,7102,team,1574035200.0,Ortega-Olmedo R.,ortega-olmedo-roberto,Ortega-Olmedo R.,M,340,ORT,301,False,1,47296,ES,Spain,#52b030,#52b030,#ffffff,
301,34,5,Duje Ajdukovic,302,173,304,302.0,7592,team,1612137600.0,Ajduković D.,ajdukovic-duje,Ajduković D.,M,731,AJD,302,False,1,207081,HR,Croatia,#52b030,#52b030,#ffffff,False
302,35,5,Tim Van Rijthoven,303,173,305,285.0,7249,team,1578873600.0,Van Rijthoven T.,van-rijthoven-tim,Van Rijthoven T.,M,540,VRI,303,False,1,102411,NL,Netherlands,#52b030,#52b030,#ffffff,
303,50,5,Manuel Guinard,304,173,306,284.0,7178,team,1598832000.0,Guinard M.,guinard-manuel,Guinard M.,M,509,GUI,304,False,1,121182,FR,France,#52b030,#52b030,#ffffff,
304,12,5,Janko Tipsarevic,305,171,308,8.0,7112,team,1333324800.0,Tipsarević J.,tipsarevic-janko,Tipsarević J.,M,1361,TIP,305,False,1,14552,RS,Serbia,#52b030,#52b030,#ffffff,
305,32,5,Igor Sijsling,306,171,307,52.0,7198,team,1392595200.0,Sijsling I.,sijsling-igor,Sijsling I.,M,478,SIJ,306,False,1,16066,NL,Netherlands,#52b030,#52b030,#ffffff,
306,48,5,Lucas Miedler,307,171,303,201.0,7141,team,1539561600.0,Miedler L.,miedler-lucas,Miedler L.,M,824,MIE,307,False,1,78793,AT,Austria,#52b030,#52b030,#ffffff,
307,36,5,Giulio Zeppieri,308,169,302,302.0,7302,team,1620000000.0,Zeppieri G.,zeppieri-giulio,Zeppieri G.,M,1259,ZEP,308,False,1,237188,IT,Italy,#52b030,#52b030,#ffffff,
308,42,5,JC Aragone,309,169,310,224.0,7160,team,1545004800.0,Aragone J.,aragone-jc,Aragone J.,M,240,ARA,309,False,1,89314,US,USA,#52b030,#52b030,#ffffff,False
309,45,5,Camilo Ugo Carabelli,310,169,311,337.0,7309,team,1616371200.0,Ugo Carabelli C.,ugo-carabelli-camilo,Ugo Carabelli C.,M,654,CAR,310,False,1,196122,AR,Argentina,#52b030,#52b030,#ffffff,
310,37,5,Alexander Ritschard,311,168,313,296.0,7264,team,1606089600.0,Ritschard A.,ritschard-alexander,Ritschard A.,M,240,RIT,311,False,1,56017,US,USA,#52b030,#52b030,#ffffff,
311,38,5,Holger Vitus Nodskov Rune,312,168,314,310.0,7895,team,1619395200.0,Rune H.,rune-holger-vitus-nodskov,Rune H.,M,3556,RHV,312,False,1,283070,DK,Denmark,#52b030,#52b030,#ffffff,
312,25,5,Gastao Elias,313,167,312,57.0,7237,team,1477267200.0,Elias G.,elias-gastao,Elias G.,M,1358,ELI,313,False,1,15858,PT,Portugal,#52b030,#52b030,#ffffff,
313,35,5,Kevin King,314,167,315,162.0,7191,team,1525651200.0,King K.,king-kevin,King K.,M,327,KIN,314,False,1,53213,US,USA,#52b030,#52b030,#ffffff,
314,46,5,Pedro Sakamoto,315,167,316,284.0,7211,team,1582502400.0,Sakamoto P.,sakamoto-pedro,Sakamoto P.,M,598,SAK,315,False,1,65576,BR,Brazil,#52b030,#52b030,#ffffff,
315,54,5,Goncalo Oliveira,316,164,309,194.0,7124,team,1514160000.0,Oliveira G.,oliveira-goncalo,Oliveira G.,M,585,OLI,316,False,1,57759,PT,Portugal,#52b030,#52b030,#ffffff,
316,19,5,Darian King,317,163,317,106.0,7023,team,1494201600.0,King D.,king-darian,King D.,M,281,KIN,317,False,1,51323,BB,Barbados,#52b030,#52b030,#ffffff,
317,45,5,Geoffrey Blancaneaux,318,163,318,264.0,7190,team,1583107200.0,Blancaneaux G.,blancaneaux-geoffrey,Blancaneaux G.,M,668,BLA,318,False,1,141882,FR,France,#52b030,#52b030,#ffffff,
318,33,5,Jonas Forejtek,319,162,319,311.0,7409,team,1617580800.0,Forejtek J.,forejtek-jonas,Forejtek J.,M,1114,FJO,319,False,1,269291,CZ,Czech Republic,#52b030,#52b030,#ffffff,
319,41,5,Vitaliy Sachko,320,160,321,319.0,7565,team,1617580800.0,Sachko V.,sachko-vitaliy,Sachko V.,M,608,SAC,320,False,1,100069,UA,Ukraine,#52b030,#52b030,#ffffff,
320,29,5,Jack Draper,321,159,322,283.0,7177,team,1598227200.0,Draper J.,draper-jack,Draper J.,M,933,DRA,321,False,1,258749,GB,United Kingdom,#52b030,#52b030,#ffffff,
321,39,5,Jesper De Jong,322,159,324,301.0,7350,team,1606694400.0,De Jong J.,de-jong-jesper,De Jong J.,M,726,DJO,322,False,1,244420,NL,Netherlands,#52b030,#52b030,#ffffff,
322,41,5,Sasikumar Mukund,323,158,320,229.0,7091,team,1570406400.0,Mukund S.,mukund-sasikumar,Mukund S.,M,300,MUK,323,False,1,117866,IN,India,#52b030,#52b030,#ffffff,False
323,33,5,Thomaz Bellucci,324,156,325,21.0,7181,team,1280102400.0,Bellucci T.,bellucci-thomaz,Bellucci T.,M,1471,BEL,324,False,1,16146,BR,Brazil,#52b030,#52b030,#ffffff,
324,34,5,Shuichi Sekiguchi,325,153,323,259.0,7144,team,1399248000.0,Sekiguchi S.,sekiguchi-shuichi,Sekiguchi S.,M,151,SEK,325,False,1,52286,JP,Japan,#52b030,#52b030,#ffffff,
325,26,5,Nicolas Jarry,326,152,326,38.0,46221,team,1563753600.0,Jarry N.,jarry-nicolas,Jarry N.,M,3626,JAR,326,False,1,89632,CL,Chile,#52b030,#52b030,#ffffff,
326,26,5,James Ward,327,150,327,89.0,7152,team,1436745600.0,Ward J.,ward-james,Ward J.,M,426,WAR,327,False,1,16553,GB,United Kingdom,#52b030,#52b030,#ffffff,
327,32,5,Johannes Haerteis,328,150,328,300.0,7253,team,1606089600.0,Haerteis J.,haerteis-johannes,Haerteis J.,M,440,HAE,328,False,1,81677,DE,Germany,#52b030,#52b030,#ffffff,
328,44,5,Viktor Galovic,329,148,329,173.0,7103,team,1526256000.0,Galović V.,galovic-viktor,Galović V.,M,592,GAL,329,False,1,59318,HR,Croatia,#52b030,#52b030,#ffffff,
329,45,5,Evan Furness,330,148,330,338.0,7268,team,1615161600.0,Furness E.,furness-evan,Furness E.,M,713,FUR,330,False,1,187892,FR,France,#52b030,#52b030,#ffffff,
330,28,5,Andrea Vavassori,331,147,331,278.0,7275,team,1581292800.0,Vavassori A.,vavassori-andrea,Vavassori A.,M,660,VAV,331,False,1,95801,IT,Italy,#52b030,#52b030,#ffffff,
331,42,5,Orlando Luz,332,147,333,292.0,7165,team,1572825600.0,Luz O.,luz-orlando,Luz O.,M,809,LUZ,332,False,1,111195,BR,Brazil,#52b030,#52b030,#ffffff,
332,37,5,Stefano Napolitano,333,146,332,152.0,7092,team,1497225600.0,Napolitano S.,napolitano-stefano,Napolitano S.,M,838,NAP,333,False,1,42152,IT,Italy,#52b030,#52b030,#ffffff,
333,37,5,Agustin Velotti,334,142,334,166.0,7238,team,1379289600.0,Velotti A.,velotti-agustin,Velotti A.,M,413,VEL,334,False,1,43587,AR,Argentina,#52b030,#52b030,#ffffff,
334,51,5,Raul Brancaccio,335,142,353,270.0,7149,team,1566172800.0,Brancaccio R.,brancaccio-raul,Brancaccio R.,M,680,BRA,335,False,1,201847,IT,Italy,#52b030,#52b030,#ffffff,
335,50,5,Javier Barranco Cosano,336,139,337,273.0,7172,team,1566172800.0,Barranco Cosano J.,barranco-cosano-javier,Barranco Cosano J.,M,483,BCO,336,False,1,177686,ES,Spain,#52b030,#52b030,#ffffff,
336,27,5,Nerman Fatic,337,138,335,333.0,7210,team,1617580800.0,Fatić N.,fatic-nerman,Fatić N.,M,519,FAT,337,False,1,63090,BA,Bosnia & Herzegovina,#52b030,#52b030,#ffffff,
337,47,5,Kaichi Uchida,338,138,338,237.0,7153,team,1561939200.0,Uchida K.,uchida-kaichi,Uchida K.,M,386,UCH,338,False,1,82579,JP,Japan,#52b030,#52b030,#ffffff,
338,33,5,Thiago Agustin Tirante,339,136,341,339.0,7562,team,1621209600.0,Tirante T.,tirante-thiago-agustin,Tirante T.,M,860,TIR,339,False,1,221515,AR,Argentina,#52b030,#52b030,#ffffff,
339,45,5,Nicolas Mejia,340,136,336,338.0,7282,team,1620000000.0,Mejía N.,mejia-nicolas,Mejía N.,M,506,MEJ,340,False,1,187218,CO,Colombia,#52b030,#52b030,#ffffff,
340,35,5,Khumoyun Sultanov,341,135,343,299.0,7236,team,1581897600.0,Sultanov K.,sultanov-khumoyun,Sultanov K.,M,254,SUL,341,False,1,149100,UZ,Uzbekistan,#52b030,#52b030,#ffffff,
341,18,5,Di Wu,342,134,344,140.0,7162,team,1461542400.0,Wu D.,wu-di,Wu D.,M,201,DI,342,False,1,23056,CN,China,#52b030,#52b030,#ffffff,
342,21,5,John-Patrick Smith,343,134,345,108.0,7122,team,1443398400.0,Smith J.,smith-john-patrick,Smith J.,M,336,SMI,343,False,1,17038,AU,Australia,#52b030,#52b030,#ffffff,
343,28,5,Donald Young,344,134,346,38.0,7089,team,1330300800.0,Young D.,young-donald,Young D.,M,563,YOU,344,False,1,15737,US,USA,#52b030,#52b030,#ffffff,
344,35,5,Harry Bourchier,345,134,347,279.0,7170,team,1578873600.0,Bourchier H.,bourchier-harry,Bourchier H.,M,219,BOU,345,False,1,79429,AU,Australia,#52b030,#52b030,#ffffff,
345,42,5,Jelle Sels,346,134,348,260.0,7235,team,1545004800.0,Sels J.,sels-jelle,Sels J.,M,438,SEL,346,False,1,56361,NL,Netherlands,#52b030,#52b030,#ffffff,
346,48,5,Lucas Catarina,347,134,351,341.0,7345,team,1528675200.0,Catarina L.,catarina-lucas,Catarina L.,M,493,CAT,347,False,1,187219,MC,Monaco,#52b030,#52b030,#ffffff,
347,25,5,Matija Pecotic,348,132,349,206.0,7366,team,1448236800.0,Pecotić M.,pecotic-matija,Pecotić M.,M,302,PEC,348,False,1,78879,HR,Croatia,#52b030,#52b030,#ffffff,False
348,45,5,Filip Cristian Jianu,349,132,339,383.0,7305,team,1600646400.0,Jianu F.,jianu-filip-cristian,Jianu F.,M,730,JIA,349,False,1,230049,RO,Romania,#52b030,#52b030,#ffffff,
349,47,5,Aziz Dougaz,350,131,350,350.0,7307,team,1620604800.0,Dougaz A.,dougaz-aziz,Dougaz A.,M,513,DOU,350,False,1,172482,TN,Tunisia,#52b030,#52b030,#ffffff,
350,49,5,Corentin Denolly,351,131,340,289.0,7157,team,1574640000.0,Denolly C.,denolly-corentin,Denolly C.,M,348,DEN,351,False,1,126402,FR,France,#52b030,#52b030,#ffffff,
351,41,5,Uladzimir Ignatik,352,129,342,129.0,7187,team,1497830400.0,Ignatik U.,ignatik-uladzimir,Ignatik U.,M,350,IGN,352,False,1,17007,BY,Belarus,#52b030,#52b030,#ffffff,
352,34,5,Julian Ocleppo,353,128,354,309.0,7257,team,1582502400.0,Ocleppo J.,ocleppo-julian,Ocleppo J.,M,500,OCL,353,False,1,95829,IT,Italy,#52b030,#52b030,#ffffff,
353,39,5,Christian Lindell,354,128,355,177.0,7208,team,1437350400.0,Lindell C.,lindell-christian,Lindell C.,M,270,LIN,354,False,1,43261,SE,Sweden,#52b030,#52b030,#ffffff,
354,46,5,Nick Chappell,355,128,357,345.0,7470,team,1613952000.0,Chappell N.,chappell-nick,Chappell N.,M,367,CHA,355,False,1,58703,US,USA,#52b030,#52b030,#ffffff,
355,29,5,Yuta Shimizu,356,127,358,313.0,7266,team,1583107200.0,Shimizu Y.,shimizu-yuta,Shimizu Y.,M,229,SHI,356,False,1,217136,JP,Japan,#52b030,#52b030,#ffffff,
356,35,5,Carlos Gomez-Herrera,357,127,359,268.0,7338,team,1525651200.0,Gómez-Herrera C.,gomez-herrera-carlos,Gómez-Herrera C.,M,320,GOM,357,False,1,16972,ES,Spain,#52b030,#52b030,#ffffff,False
357,40,5,Oriol Roca Batalla,358,127,362,193.0,7171,team,1438560000.0,Roca Batalla O.,roca-batalla-oriol,Roca Batalla O.,M,345,RBA,358,False,1,51100,ES,Spain,#52b030,#52b030,#ffffff,
358,43,5,Viktor Durasovic,359,127,356,298.0,7159,team,1571011200.0,Đurasović V.,djurasovic-viktor,Đurasović V.,M,304,DUR,359,False,1,96239,NO,Norway,#52b030,#52b030,#ffffff,
359,37,5,Nicolas Alvarez,360,125,361,295.0,7216,team,1578268800.0,Álvarez N.,alvarez-nicolas,Álvarez N.,M,227,ALV,360,False,1,71702,PE,Peru,#52b030,#52b030,#ffffff,
360,41,5,Markus Eriksson,361,125,352,277.0,7163,team,1566172800.0,Eriksson M.,eriksson-markus,Eriksson M.,M,218,ERI,361,False,1,43636,SE,Sweden,#52b030,#52b030,#ffffff,
361,49,5,Nikolas Sanchez Izquierdo,362,125,363,343.0,7256,team,1617580800.0,Sanchez-Izquierdo N.,sanchez-izquierdo-nikolas,Sanchez-Izquierdo N.,M,285,SAN,362,False,1,193644,ES,Spain,#52b030,#52b030,#ffffff,
362,24,5,Stefan Kozlov,363,124,364,115.0,7411,team,1487548800.0,Kozlov S.,kozlov-stefan,Kozlov S.,M,381,KOZ,363,False,1,77007,US,USA,#52b030,#52b030,#ffffff,
363,28,5,Adrian Andreev,364,124,375,364.0,7608,team,1621209600.0,Andreev A.,andreev-adrian,Andreev A.,M,1232,AND,364,False,1,208824,BG,Bulgaria,#52b030,#52b030,#ffffff,
364,46,5,Alexander Erler,365,124,381,398.0,7390,team,1543795200.0,Erler A.,erler-alexander,Erler A.,M,668,ERL,365,False,1,114831,AT,Austria,#52b030,#52b030,#ffffff,
365,18,5,Jeremy Jahn,366,123,366,197.0,7140,team,1485734400.0,Jahn J.,jahn-jeremy,Jahn J.,M,214,JAH,366,False,1,23546,DE,Germany,#52b030,#52b030,#ffffff,
366,35,5,Shintaro Imai,367,123,365,290.0,7231,team,1578268800.0,Imai S.,imai-shintaro,Imai S.,M,177,IMA,367,False,1,66874,JP,Japan,#52b030,#52b030,#ffffff,
367,27,5,Jan Choinski,368,122,368,234.0,7158,team,1523836800.0,Choinski J.,choinski-jan,Choinski J.,M,452,CHO,368,False,1,105607,GB,United Kingdom,#52b030,#52b030,#ffffff,
368,32,5,Michael Geerts,369,122,367,347.0,7308,team,1575244800.0,Geerts M.,geerts-michael,Geerts M.,M,426,GEE,369,False,1,103625,BE,Belgium,#52b030,#52b030,#ffffff,
369,49,5,Ivan Nedelko,370,122,360,235.0,7192,team,1532304000.0,Nedelko I.,nedelko-ivan,Nedelko I.,M,321,NED,370,False,1,53308,RU,Russia,#52b030,#52b030,#ffffff,
370,23,5,Petros Chrysochos,371,121,369,369.0,7463,team,1620604800.0,Chrysochos P.,chrysochos-petros,Chrysochos P.,M,404,CHR,371,False,1,105375,CY,Cyprus,#52b030,#52b030,#ffffff,
371,30,5,Michael Redlicki,372,121,370,313.0,7204,team,1574035200.0,Redlicki Mi.,redlicki-michael,Redlicki Mi.,M,354,RED,372,False,1,58713,US,USA,#52b030,#52b030,#ffffff,
372,47,5,Alessandro Bega,373,120,371,259.0,7263,team,1469404800.0,Bega A.,bega-alessandro,Bega A.,M,430,BEG,373,False,1,54383,IT,Italy,#52b030,#52b030,#ffffff,
373,43,5,Vladyslav Orlov,374,119,373,350.0,7288,team,1609718400.0,Orlov V.,orlov-vladyslav,Orlov V.,M,439,ORL,374,False,1,154570,UA,Ukraine,#52b030,#52b030,#ffffff,
374,45,5,Vaclav Safranek,375,119,374,191.0,7207,team,1509926400.0,Šafránek V.,safranek-vaclav,Šafránek V.,M,230,SAF,375,False,1,60688,CZ,Czech Republic,#52b030,#52b030,#ffffff,
375,49,5,Matteo Martineau,376,118,380,376.0,7269,team,1619395200.0,Martineau M.,martineau-matteo,Martineau M.,M,413,MAR,376,False,1,145122,FR,France,#52b030,#52b030,#ffffff,
376,14,5,Santiago Giraldo,377,117,377,28.0,7113,team,1411948800.0,Giraldo S.,giraldo-santiago,Giraldo S.,M,474,GIR,377,False,1,15530,CO,Colombia,#52b030,#52b030,#ffffff,
377,26,5,Aleksandr Nedovyesov,378,117,378,72.0,7079,team,1398038400.0,Nedovyesov A.,nedovyesov-aleksandr,Nedovyesov A.,M,195,NED,378,False,1,25457,KZ,Kazakhstan,#52b030,#52b030,#ffffff,
378,35,5,Sekou Bangoura,379,115,382,213.0,7201,team,1477872000.0,Bangoura S.,bangoura-sekou,Bangoura S.,M,178,BAN,379,False,1,42164,US,USA,#52b030,#52b030,#ffffff,
379,51,5,Skander Mansouri,380,115,383,303.0,7168,team,1574035200.0,Mansouri S.,mansouri-skander,Mansouri S.,M,546,MAN,380,False,1,69362,TN,Tunisia,#52b030,#52b030,#ffffff,
380,25,5,Dayne Kelly,381,114,384,252.0,7279,team,1508716800.0,Kelly D.,kelly-dayne,Kelly D.,M,142,KEL,381,False,1,34265,AU,Australia,#52b030,#52b030,#ffffff,
381,31,5,Yu Hsiou Hsu,382,114,379,403.0,7327,team,1616371200.0,Hsu Y.,hsu-yu-hsiou,Hsu Y.,M,193,HSU,382,False,1,204329,TW,Chinese Taipei,#52b030,#52b030,#ffffff,False
382,41,5,Ryan Peniston,383,114,372,359.0,7239,team,1572825600.0,Peniston R.,peniston-ryan,Peniston R.,M,391,PEN,383,False,1,91240,GB,United Kingdom,#52b030,#52b030,#ffffff,
383,33,5,Jan Satral,384,113,387,136.0,7332,team,1475452800.0,Šátral J.,satral-jan,Šátral J.,M,167,SAT,384,False,1,51300,CZ,Czech Republic,#52b030,#52b030,#ffffff,
384,37,5,Pablo Vivero Gonzalez,385,112,390,283.0,7317,team,1468195200.0,Vivero González P.,vivero-gonzalez-pablo,Vivero González P.,M,182,VGO,385,False,1,81077,ES,Spain,#52b030,#52b030,#ffffff,
385,41,5,Antoine Escoffier,386,112,391,327.0,7244,team,1580688000.0,Escoffier A.,escoffier-antoine,Escoffier A.,M,383,ESC,386,False,1,49663,FR,France,#52b030,#52b030,#ffffff,
386,28,5,Jose Hernandez-Fernandez,387,111,376,179.0,7137,team,1438560000.0,Hernández-Fernández J.,hernandez-fernandez-jose,Hernández-Fernández J.,M,170,HER,387,False,1,193428,DO,Dominican Republic,#52b030,#52b030,#ffffff,
387,30,5,Filip Peliwo,388,111,389,161.0,7143,team,1526860800.0,Peliwo F.,peliwo-filip,Peliwo F.,M,246,PEL,388,False,1,49660,CA,Canada,#52b030,#52b030,#ffffff,
388,30,5,Konstantin Kravchuk,389,111,385,78.0,7167,team,1478476800.0,Kravchuk K.,kravchuk-konstantin,Kravchuk K.,M,168,KRA,389,False,1,16248,RU,Russia,#52b030,#52b030,#ffffff,
389,33,5,Jules Okala,390,111,392,338.0,7233,team,1583107200.0,Okala J.,okala-jules,Okala J.,M,225,OKA,390,False,1,121172,FR,France,#52b030,#52b030,#ffffff,
390,42,5,Edan Leshem,391,111,398,249.0,7229,team,1513555200.0,Leshem E.,leshem-edan,Leshem E.,M,365,LES,391,False,1,124732,IL,Israel,#52b030,#52b030,#ffffff,
391,52,5,Denis Yevseyev,392,110,388,280.0,7184,team,1575849600.0,Yevseyev D.,yevseyev-denis,Yevseyev D.,M,288,YEV,392,False,1,50847,KZ,Kazakhstan,#52b030,#52b030,#ffffff,
392,36,5,Hernan Casanova,393,109,393,255.0,7252,team,1526860800.0,Casanova H.,casanova-hernan,Casanova H.,M,467,CAS,393,False,1,54975,AR,Argentina,#52b030,#52b030,#ffffff,
393,38,5,Facundo Diaz Acosta,394,109,394,394.0,7367,team,1620604800.0,Díaz Acosta F.,diaz-acosta-facundo,Díaz Acosta F.,M,644,DAC,394,False,1,264372,AR,Argentina,#52b030,#52b030,#ffffff,
394,39,5,Gonzalo Villanueva,395,109,395,375.0,7267,team,1540166400.0,Villanueva G.,villanueva-gonzalo,Villanueva G.,M,272,VIL,395,False,1,85877,AR,Argentina,#52b030,#52b030,#ffffff,
395,23,5,Benjamin Hassan,396,108,396,293.0,7179,team,1565568000.0,Hassan B.,hassan-benjamin,Hassan B.,M,561,HAS,396,False,1,108767,DE,Germany,#52b030,#52b030,#ffffff,
396,22,5,Facundo Arguello,397,107,399,104.0,7086,team,1397433600.0,Arguello F.,arguello-facundo,Arguello F.,M,339,ARG,397,False,1,44709,AR,Argentina,#52b030,#52b030,#ffffff,
397,28,5,Peter Torebko,398,106,400,182.0,7221,team,1342396800.0,Torebko P.,torebko-peter,Torebko P.,M,249,TOR,398,False,1,17732,DE,Germany,#52b030,#52b030,#ffffff,
398,29,5,Jeroen Vanneste,399,105,397,314.0,7196,team,1565568000.0,Vanneste J.,vanneste-jeroen,Vanneste J.,M,261,VAN,399,False,1,77289,BE,Belgium,#52b030,#52b030,#ffffff,
399,37,5,Alexey Zakharov,400,105,403,397.0,7400,team,1583107200.0,Zakharov A.,zakharov-alexey,Zakharov A.,M,213,ZAK,400,False,1,244416,RU,Russia,#52b030,#52b030,#ffffff,
400,33,5,Ergi Kirkin,401,104,402,383.0,7398,team,1611532800.0,Kırkın E.,kirkin-ergi,Kırkın E.,M,479,KIR,401,False,1,186629,TR,Turkey,#52b030,#52b030,#ffffff,
401,34,5,Rayane Roumane,402,104,405,358.0,7265,team,1574035200.0,Roumane R.,roumane-rayane,Roumane R.,M,424,ROU,402,False,1,180946,FR,France,#52b030,#52b030,#ffffff,
402,12,5,Daniel Nguyen,403,103,406,189.0,7261,team,1436745600.0,Nguyen D.,nguyen-daniel,Nguyen D.,M,130,NGU,403,False,1,76491,US,USA,#52b030,#52b030,#ffffff,
403,40,5,Sebastian Fanselow,404,103,408,294.0,7232,team,1563753600.0,Fanselow S.,fanselow-sebastian,Fanselow S.,M,305,FAN,404,False,1,71950,DE,Germany,#52b030,#52b030,#ffffff,
404,41,5,Christopher Heyman,405,103,409,258.0,7225,team,1518998400.0,Heyman C.,heyman-christopher,Heyman C.,M,335,HEY,405,False,1,94487,BE,Belgium,#52b030,#52b030,#ffffff,
405,31,5,Tsung-Hua Yang,406,102,407,164.0,7169,team,1336953600.0,Yang T.,yang-tsung-hua,Yang T.,M,132,YAN,406,False,1,17016,TW,Chinese Taipei,#52b030,#52b030,#ffffff,
406,37,5,Miljan Zekic,407,102,410,188.0,7505,team,1468195200.0,Zekić M.,zekic-miljan,Zekić M.,M,411,ZEK,407,False,1,44961,RS,Serbia,#52b030,#52b030,#ffffff,
407,18,5,Aleksandar Kovacevic,408,101,412,408.0,7697,team,1621209600.0,Kovacevic A.,kovacevic-aleksandar,Kovacevic A.,M,194,KOV,408,False,1,187608,US,USA,#52b030,#52b030,#ffffff,
408,38,5,Sandro Ehrat,409,101,401,286.0,7203,team,1567987200.0,Ehrat S.,ehrat-sandro,Ehrat S.,M,321,EHR,409,False,1,37209,CH,Switzerland,#52b030,#52b030,#ffffff,
409,51,5,Maxime Hamou,410,101,414,211.0,7226,team,1437955200.0,Hamou M.,hamou-maxime,Hamou M.,M,320,HAM,410,False,1,66912,FR,France,#52b030,#52b030,#ffffff,
410,41,5,Artem Dubrivnyy,411,100,404,395.0,7285,team,1574035200.0,Dubrivnyy A.,dubrivnyy-artem,Dubrivnyy A.,M,195,DUB,411,False,1,186546,RU,Russia,#52b030,#52b030,#ffffff,
411,48,5,Baptiste Crepatte,412,100,411,276.0,7147,team,1565568000.0,Crepatte B.,crepatte-baptiste,Crepatte B.,M,346,CRE,412,False,1,142898,FR,France,#52b030,#52b030,#ffffff,
412,27,5,Luke Saville,413,99,415,152.0,7224,team,1424649600.0,Saville L.,saville-luke,Saville L.,M,278,SAV,413,False,1,39712,AU,Australia,#52b030,#52b030,#ffffff,
413,40,5,Francesco Forti,414,99,417,393.0,7334,team,1563753600.0,Forti F.,forti-francesco,Forti F.,M,546,FOR,414,False,1,217834,IT,Italy,#52b030,#52b030,#ffffff,
414,41,5,Oscar Jose Gutierrez,415,99,413,363.0,7227,team,1572825600.0,Gutierrez O.,gutierrez-oscar-jose,Gutierrez O.,M,305,GUT,415,False,1,81275,BR,Brazil,#52b030,#52b030,#ffffff,
415,17,5,Raymond Sarmiento,416,98,418,287.0,7514,team,1505088000.0,Sarmiento R.,sarmiento-raymond,Sarmiento R.,M,197,SAR,416,False,1,45399,US,USA,#52b030,#52b030,#ffffff,
416,26,5,Laurent Lokoli,417,98,419,207.0,7215,team,1428278400.0,Lokoli L.,lokoli-laurent,Lokoli L.,M,183,LOK,417,False,1,66002,FR,France,#52b030,#52b030,#ffffff,
417,35,5,Diego Hidalgo,418,98,420,358.0,7240,team,1580688000.0,Hidalgo D.,hidalgo-diego,Hidalgo D.,M,208,HID,418,False,1,52263,EC,Ecuador,#52b030,#52b030,#ffffff,
418,10,5,Dominic Stephan Stricker,419,97,421,419.0,11209,team,1621209600.0,Stricker D.,stricker-dominic-stephan,Stricker D.,M,1526,SDS,419,False,1,296369,CH,Switzerland,#52b030,#52b030,#ffffff,False
419,20,5,Fajing Sun,420,96,422,351.0,7247,team,1581292800.0,Sun F.,sun-fajing,Sun F.,M,113,SUN,420,False,1,163438,CN,China,#52b030,#52b030,#ffffff,
420,37,5,Yshai Oliel,421,96,446,394.0,7322,team,1583712000.0,Oliel Y.,oliel-yshai,Oliel Y.,M,438,OLI,421,False,1,195179,IL,Israel,#52b030,#52b030,#ffffff,
421,39,5,Daniel Michalski,422,96,425,421.0,7355,team,1582502400.0,Michalski D.,michalski-daniel,Michalski D.,M,666,MIC,422,False,1,257091,PL,Poland,#52b030,#52b030,#ffffff,
422,51,5,Tobias Simon,423,96,426,391.0,7386,team,1584316800.0,Simon T.,simon-tobias,Simon T.,M,465,SIM,423,False,1,47967,DE,Germany,#52b030,#52b030,#ffffff,
423,54,5,Fabrizio Ornago,424,96,427,355.0,7301,team,1541376000.0,Ornago F.,ornago-fabrizio,Ornago F.,M,416,ORN,424,False,1,67264,IT,Italy,#52b030,#52b030,#ffffff,
424,33,5,Eduard Esteve Lobato,425,95,416,353.0,7340,team,1541376000.0,Esteve Lobato E.,esteve-lobato-eduard,Esteve Lobato E.,M,242,ELO,425,False,1,63959,ES,Spain,#52b030,#52b030,#ffffff,
425,42,5,Peter Heller,426,95,423,273.0,7243,team,1543190400.0,Heller P.,heller-peter,Heller P.,M,347,HEL,426,False,1,50795,DE,Germany,#52b030,#52b030,#ffffff,
426,27,5,Lucas Poullain,427,94,431,459.0,7518,team,1615766400.0,Poullain L.,poullain-lucas,Poullain L.,M,231,POU,427,False,1,135778,FR,France,#52b030,#52b030,#ffffff,
427,31,5,Collin Altamirano,428,94,432,267.0,7234,team,1561334400.0,Altamirano C.,altamirano-collin,Altamirano C.,M,220,ALT,428,False,1,80725,US,USA,#52b030,#52b030,#ffffff,
428,30,5,Alex Rybakov,429,93,445,429.0,7456,team,1621209600.0,Rybakov A.,rybakov-alex,Rybakov A.,M,239,RYB,429,False,1,101157,US,USA,#52b030,#52b030,#ffffff,
429,33,5,Karim-Mohamed Maamoun,430,93,424,225.0,7230,team,1506902400.0,Maamoun K.,maamoun-karim-mohamed,Maamoun K.,M,262,MAA,430,False,1,60734,EG,Egypt,#52b030,#52b030,#ffffff,
430,38,5,Alen Avidzba,431,93,433,380.0,7359,team,1556496000.0,Avidzba A.,avidzba-alen,Avidzba A.,M,311,AVI,431,False,1,212150,RU,Russia,#52b030,#52b030,#ffffff,
431,47,5,Dan Added,432,93,434,373.0,7248,team,1580688000.0,Added D.,added-dan,Added D.,M,284,ADD,432,False,1,191842,FR,France,#52b030,#52b030,#ffffff,
432,48,5,Bogdan Bobrov,433,93,435,425.0,7329,team,1609718400.0,Bobrov B.,bobrov-bogdan,Bobrov B.,M,277,BOB,433,False,1,76251,RU,Russia,#52b030,#52b030,#ffffff,
433,49,5,Marek Gengel,434,93,430,430.0,7575,team,1619395200.0,Gengel M.,gengel-marek,Gengel M.,M,235,GEN,434,False,1,202572,CZ,Czech Republic,#52b030,#52b030,#ffffff,
434,54,5,Rio Noguchi,435,93,436,397.0,7281,team,1584316800.0,Noguchi R.,noguchi-rio,Noguchi R.,M,138,NOG,435,False,1,217464,JP,Japan,#52b030,#52b030,#ffffff,
435,24,5,Laurynas Grigelis,436,92,437,183.0,7280,team,1341792000.0,Grigelis L.,grigelis-laurynas,Grigelis L.,M,432,GRI,436,False,1,35821,LT,Lithuania,#52b030,#52b030,#ffffff,
436,25,5,Luca Vanni,437,92,438,100.0,7255,team,1431302400.0,Vanni L.,vanni-luca,Vanni L.,M,621,VAN,437,False,1,17832,IT,Italy,#52b030,#52b030,#ffffff,
437,28,5,Gianluigi Quinzi,438,92,439,142.0,7228,team,1555286400.0,Quinzi G.,quinzi-gianluigi,Quinzi G.,M,971,QUI,438,False,1,50627,IT,Italy,#52b030,#52b030,#ffffff,
438,32,5,Yunseong Chung,439,92,428,233.0,7142,team,1563753600.0,Chung Y.,chung-yunseong,Chung Y.,M,225,CHU,439,False,1,99587,KR,South Korea,#52b030,#52b030,#ffffff,False
439,35,5,Gijs Brouwer,440,92,440,342.0,7273,team,1564963200.0,Brouwer G.,brouwer-gijs,Brouwer G.,M,373,BRO,440,False,1,104967,NL,Netherlands,#52b030,#52b030,#ffffff,
440,47,5,Genaro Alberto Olivieri,441,92,429,382.0,7336,team,1581897600.0,Olivieri G.,olivieri-genaro-alberto,Olivieri G.,M,333,OLI,441,False,1,169486,AR,Argentina,#52b030,#52b030,#ffffff,
441,52,5,Timofey Skatov,442,92,442,433.0,7446,team,1615161600.0,Skatov T.,skatov-timofey,Skatov T.,M,396,SKA,442,False,1,229275,KZ,Kazakhstan,#52b030,#52b030,#ffffff,
442,26,5,Emilio Nava,443,91,443,443.0,7840,team,1619395200.0,Nava E.,nava-emilio,Nava E.,M,493,NAV,443,False,1,232057,US,USA,#52b030,#52b030,#ffffff,
443,40,5,Sadio Doumbia,444,91,441,250.0,7197,team,1478476800.0,Doumbia S.,doumbia-sadio,Doumbia S.,M,275,DOU,444,False,1,106559,FR,France,#52b030,#52b030,#ffffff,
444,27,5,Elmar Ejupovic,445,90,448,381.0,7443,team,1538956800.0,Ejupović E.,ejupovic-elmar,Ejupović E.,M,317,EJU,445,False,1,78743,DE,Germany,#52b030,#52b030,#ffffff,
445,13,5,Flavio Cobolli,446,89,449,852.0,7784,team,1615766400.0,Cobolli F.,cobolli-flavio,Cobolli F.,M,916,CFL,446,False,1,273680,IT,Italy,#52b030,#52b030,#ffffff,
446,23,5,Paul Jubb,447,89,453,427.0,7480,team,1563753600.0,Jubb P.,jubb-paul,Jubb P.,M,514,JUB,447,False,1,220537,GB,United Kingdom,#52b030,#52b030,#ffffff,
447,26,5,Martins Podzus,448,89,447,418.0,7284,team,1581897600.0,Podžus M.,podzus-martins,Podžus M.,M,192,POD,448,False,1,63248,LV,Latvia,#52b030,#52b030,#ffffff,
448,10,5,Andrey Kuznetsov,449,88,450,39.0,40089,team,1461542400.0,Kuznetsov An.,kuznetsov-andrey,Kuznetsov An.,M,490,KUZ,449,False,1,24474,RU,Russia,#52b030,#52b030,#ffffff,
449,17,5,Harold Mayot,450,88,451,411.0,7989,team,1600041600.0,Mayot H.,mayot-harold,Mayot H.,M,739,MAY,450,False,1,248846,FR,France,#52b030,#52b030,#ffffff,
450,23,5,Zsombor Piros,451,88,452,338.0,7276,team,1545609600.0,Piros Z.,piros-zsombor,Piros Z.,M,617,PIR,451,False,1,205795,HU,Hungary,#52b030,#52b030,#ffffff,
451,32,5,Alejandro Gonzalez,452,87,454,70.0,7342,team,1402272000.0,González A.,gonzalez-alejandro,González A.,M,262,GON,452,False,1,16325,CO,Colombia,#52b030,#52b030,#ffffff,
452,28,5,Renta Tokuda,453,85,457,289.0,7290,team,1535328000.0,Tokuda R.,tokuda-renta,Tokuda R.,M,136,TOK,453,False,1,155684,JP,Japan,#52b030,#52b030,#ffffff,
453,28,5,Brydan Klein,454,85,458,169.0,7220,team,1443398400.0,Klein B.,klein-brydan,Klein B.,M,188,KLE,454,False,1,16360,GB,United Kingdom,#52b030,#52b030,#ffffff,
454,45,5,David Poljak,455,85,460,415.0,7376,team,1540166400.0,Poljak D.,poljak-david,Poljak D.,M,190,POL,455,False,1,60614,CZ,Czech Republic,#52b030,#52b030,#ffffff,
455,22,5,Eduardo Struvay,456,84,461,158.0,7262,team,1465776000.0,Struvay E.,struvay-eduardo,Struvay E.,M,147,STR,456,False,1,18067,CO,Colombia,#52b030,#52b030,#ffffff,
456,22,5,Oliver Crawford,457,84,473,457.0,7423,team,1621209600.0,Crawford O.,crawford-oliver,Crawford O.,M,203,CRA,457,False,1,213057,US,USA,#52b030,#52b030,#ffffff,
457,33,5,Ronald Slobodchikov,458,84,455,384.0,7313,team,1582502400.0,Slobodchikov R.,slobodchikov-ronald,Slobodchikov R.,M,168,SLO,458,False,1,59165,RU,Russia,#52b030,#52b030,#ffffff,
458,49,5,Antoine Cornut-Chauvinc,459,84,462,408.0,7331,team,1560729600.0,Cornut-Chauvinc A.,cornut-chauvinc-antoine,Cornut-Chauvinc A.,M,419,COR,459,False,1,222955,FR,France,#52b030,#52b030,#ffffff,
459,12,5,Alexis Galarneau,460,83,463,386.0,7439,team,1560729600.0,Galarneau A.,galarneau-alexis,Galarneau A.,M,244,GAL,460,False,1,187236,CA,Canada,#52b030,#52b030,#ffffff,
460,22,5,Arthur De Greef,461,83,386,113.0,7121,team,1497830400.0,De Greef A.,de-greef-arthur,De Greef A.,M,473,DGR,461,False,1,38275,BE,Belgium,#52b030,#52b030,#ffffff,
461,23,5,Alexander Sarkissian,462,83,464,157.0,7358,team,1459728000.0,Sarkissian A.,sarkissian-alexander,Sarkissian A.,M,177,SAR,462,False,1,57885,US,USA,#52b030,#52b030,#ffffff,
462,33,5,Patrik Niklas-Salminen,463,83,459,418.0,7405,team,1583107200.0,Niklas-Salminen P.,niklas-salminen-patrik,Niklas-Salminen P.,M,239,NIK,463,False,1,113221,FI,Finland,#52b030,#52b030,#ffffff,
463,37,5,Manuel Pena Lopez,464,83,465,395.0,7344,team,1581897600.0,Pena Lopez M.,pena-lopez-manuel,Pena Lopez M.,M,266,PLO,464,False,1,114073,AR,Argentina,#52b030,#52b030,#ffffff,
464,40,5,Enrico Dalla Valle,465,83,467,404.0,7278,team,1565568000.0,Dalla Valle E.,dalla-valle-enrico,Dalla Valle E.,M,405,DVA,465,False,1,106153,IT,Italy,#52b030,#52b030,#ffffff,
465,42,5,Benjamin Lock,466,83,468,391.0,7295,team,1545004800.0,Lock B.,lock-benjamin,Lock B.,M,313,LOC,466,False,1,96859,ZW,Zimbabwe,#52b030,#52b030,#ffffff,
466,18,5,Saketh Myneni,467,82,469,137.0,7118,team,1473638400.0,Myneni S.,myneni-saketh,Myneni S.,M,175,MYN,467,False,1,64920,IN,India,#52b030,#52b030,#ffffff,
467,31,5,Evan King,468,82,470,185.0,7212,team,1524441600.0,King E.,king-evan,King E.,M,381,KIN,468,False,1,23899,US,USA,#52b030,#52b030,#ffffff,
468,36,5,Kyrian Jacquet,469,82,471,469.0,7609,team,1621209600.0,Jacquet K.,jacquet-kyrian,Jacquet K.,M,279,JAC,469,False,1,267577,FR,France,#52b030,#52b030,#ffffff,
469,37,5,Johan Nikles,470,82,500,457.0,7383,team,1573430400.0,Nikles J.,nikles-johan,Nikles J.,M,310,NIK,470,False,1,114885,CH,Switzerland,#52b030,#52b030,#ffffff,
470,37,5,Makoto Ochi,471,82,466,343.0,7330,team,1556496000.0,Ochi M.,ochi-makoto,Ochi M.,M,168,OCH,471,False,1,182967,JP,Japan,#52b030,#52b030,#ffffff,
471,44,5,Aldin Setkic,472,82,472,165.0,7466,team,1508112000.0,Šetkić A.,setkic-aldin,Šetkić A.,M,357,SET,472,False,1,15467,BA,Bosnia & Herzegovina,#52b030,#52b030,#ffffff,
472,26,5,Maxime Chazal,473,81,444,234.0,7245,team,1457308800.0,Chazal M.,chazal-maxime,Chazal M.,M,184,CHA,473,False,1,17065,FR,France,#52b030,#52b030,#ffffff,
473,37,5,Michail Pervolarakis,474,81,456,409.0,7310,team,1581292800.0,Pervolarakis M.,pervolarakis-michail,Pervolarakis M.,M,581,PER,474,False,1,97367,GR,Greece,#52b030,#52b030,#ffffff,
474,22,5,Liam Caruana,475,80,474,375.0,7410,team,1518393600.0,Caruana L.,caruana-liam,Caruana L.,M,390,CAR,475,False,1,109951,IT,Italy,#52b030,#52b030,#ffffff,
475,29,5,Louis Wessels,476,80,475,320.0,7259,team,1543190400.0,Wessels L.,wessels-louis,Wessels L.,M,401,WES,476,False,1,180446,DE,Germany,#52b030,#52b030,#ffffff,
476,37,5,Giovanni Fonio,477,80,476,473.0,7477,team,1617580800.0,Fonio G.,fonio-giovanni,Fonio G.,M,487,FON,477,False,1,175070,IT,Italy,#52b030,#52b030,#ffffff,
477,44,5,Lucas Gerch,478,80,477,432.0,7326,team,1581292800.0,Gerch L.,gerch-lucas,Gerch L.,M,265,GER,478,False,1,106357,DE,Germany,#52b030,#52b030,#ffffff,
478,45,5,Pol Martin Tiffon,479,80,478,478.0,7430,team,1620604800.0,Martín Tiffón P.,martin-tiffon-pol,Martín Tiffón P.,M,294,MTI,479,False,1,217448,ES,Spain,#52b030,#52b030,#ffffff,
479,34,5,Yannick Mertens,480,79,479,179.0,7277,team,1439769600.0,Mertens Y.,mertens-yannick,Mertens Y.,M,263,MER,480,False,1,25839,BE,Belgium,#52b030,#52b030,#ffffff,
480,41,5,Ivan Gakhov,481,79,480,275.0,7246,team,1507507200.0,Gakhov I.,gakhov-ivan,Gakhov I.,M,334,GAK,481,False,1,76515,RU,Russia,#52b030,#52b030,#ffffff,
481,49,5,David Pichler,482,79,481,390.0,7389,team,1508112000.0,Pichler D.,pichler-david,Pichler D.,M,539,PIC,482,False,1,110707,AT,Austria,#52b030,#52b030,#ffffff,
482,27,5,Bruno Santanna,483,78,482,337.0,7298,team,1381104000.0,Santanna B.,santanna-bruno,Santanna B.,M,251,SAN,483,False,1,39580,BR,Brazil,#52b030,#52b030,#ffffff,False
483,34,5,Fabian Marozsan,484,78,483,483.0,7654,team,1620604800.0,Marozsan F.,marozsan-fabian,Marozsan F.,M,251,MAR,484,False,1,218259,HU,Hungary,#52b030,#52b030,#ffffff,
484,20,5,Franco Agamenone,485,77,484,377.0,11203,team,1505088000.0,Agamenone F.,agamenone-franco,Agamenone F.,M,330,AGA,485,False,1,65606,IT,Italy,#52b030,#52b030,#ffffff,
485,21,5,Marko Tepavac,486,77,485,174.0,7396,team,1477267200.0,Tepavac M.,tepavac-marko,Tepavac M.,M,326,TEP,486,False,1,77005,RS,Serbia,#52b030,#52b030,#ffffff,
486,30,5,Ricardo Ojeda Lara,487,77,486,171.0,7414,team,1507507200.0,Ojeda Lara R.,ojeda-lara-ricardo,Ojeda Lara R.,M,248,OLA,487,False,1,56295,ES,Spain,#52b030,#52b030,#ffffff,
487,37,5,Yusuke Takahashi,488,77,491,238.0,7294,team,1502064000.0,Takahashi Y.,takahashi-yusuke,Takahashi Y.,M,174,TAK,488,False,1,177644,JP,Japan,#52b030,#52b030,#ffffff,
488,42,5,Sidharth Rawat,489,77,487,430.0,7388,team,1546819200.0,Rawat S.,rawat-sidharth,Rawat S.,M,148,RAW,489,False,1,65608,IN,India,#52b030,#52b030,#ffffff,
489,11,5,Rogerio Dutra Silva,490,76,488,63.0,7099,team,1500854400.0,Dutra Silva R.,dutra-silva-rogerio,Dutra Silva R.,M,691,DSI,490,False,1,16087,BR,Brazil,#52b030,#52b030,#ffffff,
490,22,5,Gonzalo Escobar,491,76,489,281.0,7214,team,1434326400.0,Escobar G.,escobar-gonzalo,Escobar G.,M,267,ESC,491,False,1,16198,EC,Ecuador,#52b030,#52b030,#ffffff,
491,29,5,Adam Pavlasek,492,76,490,72.0,7254,team,1483920000.0,Pavlásek A.,pavlasek-adam,Pavlásek A.,M,287,PAV,492,False,1,59324,CZ,Czech Republic,#52b030,#52b030,#ffffff,
492,10,5,Blake Mott,493,74,494,220.0,7449,team,1497225600.0,Mott B.,mott-blake,Mott B.,M,154,MOT,493,False,1,54387,AU,Australia,#52b030,#52b030,#ffffff,
493,23,5,Sho Shimabukuro,494,74,495,425.0,7337,team,1581292800.0,Shimabukuro S.,shimabukuro-sho,Shimabukuro S.,M,153,SHI,494,False,1,216154,JP,Japan,#52b030,#52b030,#ffffff,
494,38,5,Georgii Kravchenko,495,74,496,488.0,7688,team,1617580800.0,Kravchenko G.,kravchenko-georgii,Kravchenko G.,M,265,KRA,495,False,1,221339,UA,Ukraine,#52b030,#52b030,#ffffff,
495,40,5,Strong Kirchheimer,496,74,497,464.0,7391,team,1583107200.0,Kirchheimer S.,kirchheimer-strong,Kirchheimer S.,M,272,KIR,496,False,1,95259,US,USA,#52b030,#52b030,#ffffff,
496,18,5,Calvin Hemery,497,73,498,116.0,7419,team,1525046400.0,Hemery C.,hemery-calvin,Hemery C.,M,387,HEM,497,False,1,81271,FR,France,#52b030,#52b030,#ffffff,
497,19,5,Thomas Laurent,498,73,499,471.0,7693,team,1583712000.0,Laurent T.,laurent-thomas,Laurent T.,M,260,LAU,498,False,1,179160,FR,France,#52b030,#52b030,#ffffff,
498,31,5,Martin Cuevas,499,73,506,271.0,7303,team,1523232000.0,Cuevas M.,cuevas-martin,Cuevas M.,M,365,CUE,499,False,1,38278,UY,Uruguay,#52b030,#52b030,#ffffff,
499,38,5,Riccardo Balzerani,500,73,501,469.0,7343,team,1578873600.0,Balzerani R.,balzerani-riccardo,Balzerani R.,M,284,BAL,500,False,1,96495,IT,Italy,#52b030,#52b030,#ffffff,
